INSERT INTO "PUBLIC"."DATA_ITEM" ("ID","CREATED_BY","CREATED_DATE","MODIFIED_BY","MODIFIED_DATE","FLAG","CODE","CODE_INDEX","CATEGORY","NAME","TYPE","REMARK","STATE","PARENT_ID") VALUES (
'0cf69ebfa8474029941429a2863debb6',NULL,'2019-01-24 14:11:57',NULL,NULL,0,'阿斯顿多少',NULL,3,'请问','去恶趣味','撒打算',NULL,NULL);
INSERT INTO "PUBLIC"."DATA_ITEM" ("ID","CREATED_BY","CREATED_DATE","MODIFIED_BY","MODIFIED_DATE","FLAG","CODE","CODE_INDEX","CATEGORY","NAME","TYPE","REMARK","STATE","PARENT_ID") VALUES (
'487157640e863429a42ad50f3c17752b',NULL,NULL,NULL,NULL,1,'1',1,2,'性别是男','c50aa804aa8000c9c474f930d794116e','性别是男','1',NULL);
INSERT INTO "PUBLIC"."DATA_ITEM" ("ID","CREATED_BY","CREATED_DATE","MODIFIED_BY","MODIFIED_DATE","FLAG","CODE","CODE_INDEX","CATEGORY","NAME","TYPE","REMARK","STATE","PARENT_ID") VALUES (
'6f47faf5d0eb5003a0ea09ae1af6152a',NULL,'2019-04-04 10:28:35',NULL,NULL,1,'1',2,1,'56个民族',NULL,'56个民族','1',NULL);
INSERT INTO "PUBLIC"."DATA_ITEM" ("ID","CREATED_BY","CREATED_DATE","MODIFIED_BY","MODIFIED_DATE","FLAG","CODE","CODE_INDEX","CATEGORY","NAME","TYPE","REMARK","STATE","PARENT_ID") VALUES (
'cdd3d1f289c64bdc878e2b87ffdde274',NULL,'2019-01-24 14:11:43',NULL,NULL,0,'撒打算的',1,1,'去恶趣味',NULL,'请问请问',NULL,NULL);
INSERT INTO "PUBLIC"."DATA_ITEM" ("ID","CREATED_BY","CREATED_DATE","MODIFIED_BY","MODIFIED_DATE","FLAG","CODE","CODE_INDEX","CATEGORY","NAME","TYPE","REMARK","STATE","PARENT_ID") VALUES (
'f83e6cb1c434d1902a86aa31854b8644',NULL,NULL,NULL,NULL,1,'1',1,2,'中国汉族','6f47faf5d0eb5003a0ea09ae1af6152a','汉族','1',NULL);
INSERT INTO "PUBLIC"."DATA_ITEM" ("ID","CREATED_BY","CREATED_DATE","MODIFIED_BY","MODIFIED_DATE","FLAG","CODE","CODE_INDEX","CATEGORY","NAME","TYPE","REMARK","STATE","PARENT_ID") VALUES (
'27902fc1547c2ca610dd10ded1aceafa',NULL,NULL,NULL,NULL,1,'1',1,2,'中国回族','6f47faf5d0eb5003a0ea09ae1af6152a','中国回族','1',NULL);
INSERT INTO "PUBLIC"."DATA_ITEM" ("ID","CREATED_BY","CREATED_DATE","MODIFIED_BY","MODIFIED_DATE","FLAG","CODE","CODE_INDEX","CATEGORY","NAME","TYPE","REMARK","STATE","PARENT_ID") VALUES (
'529fefa9c7bd70db6673c1213fab4494',NULL,NULL,NULL,NULL,0,'1',1,2,'测试字典','cdd3d1f289c64bdc878e2b87ffdde274','测试字典','1',NULL);
INSERT INTO "PUBLIC"."DATA_ITEM" ("ID","CREATED_BY","CREATED_DATE","MODIFIED_BY","MODIFIED_DATE","FLAG","CODE","CODE_INDEX","CATEGORY","NAME","TYPE","REMARK","STATE","PARENT_ID") VALUES (
'c50aa804aa8000c9c474f930d794116e',NULL,'2019-04-04 10:28:37',NULL,NULL,1,'2',2,1,'2个性别',NULL,'性别','1',NULL);
INSERT INTO "PUBLIC"."DATA_ITEM" ("ID","CREATED_BY","CREATED_DATE","MODIFIED_BY","MODIFIED_DATE","FLAG","CODE","CODE_INDEX","CATEGORY","NAME","TYPE","REMARK","STATE","PARENT_ID") VALUES (
'e5172d1a71334f42104b7f3760eabf04',NULL,NULL,NULL,NULL,1,'2',2,2,'性别是女','c50aa804aa8000c9c474f930d794116e','性别是女','1',NULL);


INSERT INTO "PUBLIC"."DEPT_INFO" ("ID","CREATED_BY","CREATED_DATE","MODIFIED_BY","MODIFIED_DATE","FLAG","DEPT_DESC","DEPT_INDEX","DEPT_NAME","DEPT_STATE","DEPT_TYPE","DEPT_URL","REMARK","PARENT_ID") VALUES (
'227b237a8be04452abd223ed271f8189',NULL,'2018-04-26 13:20:13',NULL,'2019-03-29 16:03:16',1,NULL,1,'hoioy计算机','1','TDC','TDC','TDC',NULL);
INSERT INTO "PUBLIC"."DEPT_INFO" ("ID","CREATED_BY","CREATED_DATE","MODIFIED_BY","MODIFIED_DATE","FLAG","DEPT_DESC","DEPT_INDEX","DEPT_NAME","DEPT_STATE","DEPT_TYPE","DEPT_URL","REMARK","PARENT_ID") VALUES (
'cde254475a744d75ad3c24ba599f4890',NULL,'2019-03-18 17:27:01',NULL,'2018-12-29 13:46:18',1,NULL,12,'创新研究院','1','TDC',NULL,'TDC','227b237a8be04452abd223ed271f8189');
INSERT INTO "PUBLIC"."DEPT_INFO" ("ID","CREATED_BY","CREATED_DATE","MODIFIED_BY","MODIFIED_DATE","FLAG","DEPT_DESC","DEPT_INDEX","DEPT_NAME","DEPT_STATE","DEPT_TYPE","DEPT_URL","REMARK","PARENT_ID") VALUES (
'b49b81c6b1d4b1e1a10ef7c8d4da6799',NULL,'2019-04-01 13:46:57',NULL,'2019-04-01 13:46:59',1,NULL,2,'部门AA','1','测试',NULL,'部门AA','cde254475a744d75ad3c24ba599f4890');
INSERT INTO "PUBLIC"."DEPT_INFO" ("ID","CREATED_BY","CREATED_DATE","MODIFIED_BY","MODIFIED_DATE","FLAG","DEPT_DESC","DEPT_INDEX","DEPT_NAME","DEPT_STATE","DEPT_TYPE","DEPT_URL","REMARK","PARENT_ID") VALUES (
'1c23af1c1f49e5812d4bdcdc410d3343',NULL,'2019-04-01 13:47:27',NULL,'2019-04-01 13:47:30',1,NULL,3,'部门BB','1','测试',NULL,'部门BB','cde254475a744d75ad3c24ba599f4890');
INSERT INTO "PUBLIC"."DEPT_INFO" ("ID","CREATED_BY","CREATED_DATE","MODIFIED_BY","MODIFIED_DATE","FLAG","DEPT_DESC","DEPT_INDEX","DEPT_NAME","DEPT_STATE","DEPT_TYPE","DEPT_URL","REMARK","PARENT_ID") VALUES (
'c7c97e2c71e6b8a9ec390acad3bd63d3',NULL,'2019-03-27 09:40:16',NULL,'2019-03-29 16:03:20',0,NULL,2,'测试子部门','1','测试子部门',NULL,'测试子部门','cde254475a744d75ad3c24ba599f4890');






INSERT INTO "PUBLIC"."MENU" ("ID","CREATED_BY","CREATED_DATE","MODIFIED_BY","MODIFIED_DATE","FLAG","CONTROLLER_CLASS","ICON_PATH","MENU_DESC","MENU_INDEX","MENU_NAME","MENU_URL","REMARK","MARK","SMALL_ICON_PATH","AUTHORITY_ID","MENU_CLASSIFY","PARENT_ID") VALUES (
'be87d0711de047efaffeef3c123b7f30',NULL,'2019-06-28 08:15:14',NULL,'2019-06-28 08:15:14',1,NULL,NULL,' ',0,NULL,'Layout','1',NULL,'index','1','menu',NULL);
INSERT INTO "PUBLIC"."MENU" ("ID","CREATED_BY","CREATED_DATE","MODIFIED_BY","MODIFIED_DATE","FLAG","CONTROLLER_CLASS","ICON_PATH","MENU_DESC","MENU_INDEX","MENU_NAME","MENU_URL","REMARK","MARK","SMALL_ICON_PATH","AUTHORITY_ID","MENU_CLASSIFY","PARENT_ID") VALUES (
'183c6c91e0094459aefed0032e2f5c67',NULL,'2019-09-30 08:48:59',NULL,'2019-09-30 08:48:59',1,NULL,NULL,'/demo',3,'DEMO','Layout',NULL,NULL,'logs',NULL,'menu',NULL);
INSERT INTO "PUBLIC"."MENU" ("ID","CREATED_BY","CREATED_DATE","MODIFIED_BY","MODIFIED_DATE","FLAG","CONTROLLER_CLASS","ICON_PATH","MENU_DESC","MENU_INDEX","MENU_NAME","MENU_URL","REMARK","MARK","SMALL_ICON_PATH","AUTHORITY_ID","MENU_CLASSIFY","PARENT_ID") VALUES (
'90a127ce319d5d93b3b49c697cfa138f',NULL,'2019-03-05 11:33:13',NULL,'2019-07-23 10:48:40',1,NULL,NULL,'/system',1,'系统管理','Layout',NULL,NULL,'setting',NULL,'menu',NULL);
INSERT INTO "PUBLIC"."MENU" ("ID","CREATED_BY","CREATED_DATE","MODIFIED_BY","MODIFIED_DATE","FLAG","CONTROLLER_CLASS","ICON_PATH","MENU_DESC","MENU_INDEX","MENU_NAME","MENU_URL","REMARK","MARK","SMALL_ICON_PATH","AUTHORITY_ID","MENU_CLASSIFY","PARENT_ID") VALUES (
'da4c2695c36a50eab041735842b530e7',NULL,'2019-03-05 11:33:13',NULL,'2019-07-30 10:02:19',1,NULL,NULL,'/dictionary-setting',2,'资源管理','Layout',NULL,NULL,'dictionary-setting',NULL,'menu',NULL);


INSERT INTO "PUBLIC"."MENU" ("ID","CREATED_BY","CREATED_DATE","MODIFIED_BY","MODIFIED_DATE","FLAG","CONTROLLER_CLASS","ICON_PATH","MENU_DESC","MENU_INDEX","MENU_NAME","MENU_URL","REMARK","MARK","SMALL_ICON_PATH","AUTHORITY_ID","MENU_CLASSIFY","PARENT_ID") VALUES (
'be87d0711de047efaffeef3c123b7f00',NULL,'2019-06-28 08:15:14',NULL,'2019-06-28 08:15:14',1,NULL,NULL,'/index',0,'Diamond','dashboard/index','1',NULL,'index','1','menu','be87d0711de047efaffeef3c123b7f30');
INSERT INTO "PUBLIC"."MENU" ("ID","CREATED_BY","CREATED_DATE","MODIFIED_BY","MODIFIED_DATE","FLAG","CONTROLLER_CLASS","ICON_PATH","MENU_DESC","MENU_INDEX","MENU_NAME","MENU_URL","REMARK","MARK","SMALL_ICON_PATH","AUTHORITY_ID","MENU_CLASSIFY","PARENT_ID") VALUES (
'ce1c23d861364795a5b455c1b2f6d6cc',NULL,'2019-03-05 11:33:13',NULL,'2019-08-07 10:55:23',1,NULL,NULL,'student',9,'学生管理（测试用）','demo/views/student/main','demo/views/student/main',NULL,'dictionary-multi',NULL,'menu','183c6c91e0094459aefed0032e2f5c67');
INSERT INTO "PUBLIC"."MENU" ("ID","CREATED_BY","CREATED_DATE","MODIFIED_BY","MODIFIED_DATE","FLAG","CONTROLLER_CLASS","ICON_PATH","MENU_DESC","MENU_INDEX","MENU_NAME","MENU_URL","REMARK","MARK","SMALL_ICON_PATH","AUTHORITY_ID","MENU_CLASSIFY","PARENT_ID") VALUES (
'3a7fd63c81304f5c82a7681fd892fdd6',NULL,'2019-03-05 11:33:13',NULL,'2019-07-30 10:01:42',1,NULL,NULL,'log',7,'日志管理','Submenu',NULL,NULL,'logs',NULL,'menu','90a127ce319d5d93b3b49c697cfa138f');
INSERT INTO "PUBLIC"."MENU" ("ID","CREATED_BY","CREATED_DATE","MODIFIED_BY","MODIFIED_DATE","FLAG","CONTROLLER_CLASS","ICON_PATH","MENU_DESC","MENU_INDEX","MENU_NAME","MENU_URL","REMARK","MARK","SMALL_ICON_PATH","AUTHORITY_ID","MENU_CLASSIFY","PARENT_ID") VALUES (
'8f13fa7aa1dd40e181568e870a6a2d03',NULL,'2019-03-05 11:33:13',NULL,'2019-07-29 15:32:23',1,NULL,NULL,'user-group',2,'权限','Submenu',NULL,NULL,'user-role',NULL,'menu','90a127ce319d5d93b3b49c697cfa138f');
INSERT INTO "PUBLIC"."MENU" ("ID","CREATED_BY","CREATED_DATE","MODIFIED_BY","MODIFIED_DATE","FLAG","CONTROLLER_CLASS","ICON_PATH","MENU_DESC","MENU_INDEX","MENU_NAME","MENU_URL","REMARK","MARK","SMALL_ICON_PATH","AUTHORITY_ID","MENU_CLASSIFY","PARENT_ID") VALUES (
'f33d83225bef590d81f61a5afcbbca14',NULL,'2019-03-05 11:33:13',NULL,'2019-07-30 10:02:02',1,NULL,NULL,'user-group',0,'用户管理','Submenu',NULL,NULL,'user-setting',NULL,'menu','90a127ce319d5d93b3b49c697cfa138f');
INSERT INTO "PUBLIC"."MENU" ("ID","CREATED_BY","CREATED_DATE","MODIFIED_BY","MODIFIED_DATE","FLAG","CONTROLLER_CLASS","ICON_PATH","MENU_DESC","MENU_INDEX","MENU_NAME","MENU_URL","REMARK","MARK","SMALL_ICON_PATH","AUTHORITY_ID","MENU_CLASSIFY","PARENT_ID") VALUES (
'7094928c2f4740c78ace4cd7bd3e733e',NULL,'2019-03-05 11:33:13',NULL,'2019-07-30 10:02:01',1,NULL,NULL,'user-group',1,'部门管理','Submenu',NULL,NULL,'dept',NULL,'menu','90a127ce319d5d93b3b49c697cfa138f');
INSERT INTO "PUBLIC"."MENU" ("ID","CREATED_BY","CREATED_DATE","MODIFIED_BY","MODIFIED_DATE","FLAG","CONTROLLER_CLASS","ICON_PATH","MENU_DESC","MENU_INDEX","MENU_NAME","MENU_URL","REMARK","MARK","SMALL_ICON_PATH","AUTHORITY_ID","MENU_CLASSIFY","PARENT_ID") VALUES (
'ce1c23d861364795a5b455c1b2f6d6dd',NULL,'2019-03-05 11:33:13',NULL,'2019-07-30 10:02:38',1,NULL,NULL,'parameter',8,'参数管理','diamond/views/system-management/parameter/main','diamond/views/system-management/parameter/main',NULL,'dictionary-multi',NULL,'menu','90a127ce319d5d93b3b49c697cfa138f');
INSERT INTO "PUBLIC"."MENU" ("ID","CREATED_BY","CREATED_DATE","MODIFIED_BY","MODIFIED_DATE","FLAG","CONTROLLER_CLASS","ICON_PATH","MENU_DESC","MENU_INDEX","MENU_NAME","MENU_URL","REMARK","MARK","SMALL_ICON_PATH","AUTHORITY_ID","MENU_CLASSIFY","PARENT_ID") VALUES (
'22fc466264e65171a7631b2079a2b7f6',NULL,'2019-03-05 11:33:13',NULL,'2019-07-29 16:47:48',1,NULL,NULL,'dictionary-single',10,'单级业务字典','diamond/views/system-management/dictionary/singleMain',NULL,NULL,'dictionary-single',NULL,'menu','da4c2695c36a50eab041735842b530e7');
INSERT INTO "PUBLIC"."MENU" ("ID","CREATED_BY","CREATED_DATE","MODIFIED_BY","MODIFIED_DATE","FLAG","CONTROLLER_CLASS","ICON_PATH","MENU_DESC","MENU_INDEX","MENU_NAME","MENU_URL","REMARK","MARK","SMALL_ICON_PATH","AUTHORITY_ID","MENU_CLASSIFY","PARENT_ID") VALUES (
'd9369152df124e1aae855f743d3eedc8',NULL,'2019-03-05 11:33:13',NULL,'2019-07-29 16:47:44',1,NULL,NULL,'dictionary-multi',9,'多级业务字典','diamond/views/system-management/dictionary/multiMain',NULL,NULL,'dictionary-multi',NULL,'menu','da4c2695c36a50eab041735842b530e7');
INSERT INTO "PUBLIC"."MENU" ("ID","CREATED_BY","CREATED_DATE","MODIFIED_BY","MODIFIED_DATE","FLAG","CONTROLLER_CLASS","ICON_PATH","MENU_DESC","MENU_INDEX","MENU_NAME","MENU_URL","REMARK","MARK","SMALL_ICON_PATH","AUTHORITY_ID","MENU_CLASSIFY","PARENT_ID") VALUES (
'6ecb9fd6e70f50b2be035485928b5cd6',NULL,'2019-03-05 11:33:13',NULL,'2019-07-29 16:47:40',1,NULL,NULL,'menu',7,'菜单管理','diamond/views/system-management/menu/main',NULL,NULL,'auth-menu',NULL,'menu','da4c2695c36a50eab041735842b530e7');
INSERT INTO "PUBLIC"."MENU" ("ID","CREATED_BY","CREATED_DATE","MODIFIED_BY","MODIFIED_DATE","FLAG","CONTROLLER_CLASS","ICON_PATH","MENU_DESC","MENU_INDEX","MENU_NAME","MENU_URL","REMARK","MARK","SMALL_ICON_PATH","AUTHORITY_ID","MENU_CLASSIFY","PARENT_ID") VALUES (
'd9fab44477ba5d2caf1aab1b95281713',NULL,'2019-03-05 11:33:13',NULL,'2019-07-29 16:47:49',1,NULL,NULL,'dictionary-type',11,'字典分类','diamond/views/system-management/dictionary-type/main',NULL,NULL,'dictionary-type',NULL,'menu','da4c2695c36a50eab041735842b530e7');


INSERT INTO "PUBLIC"."MENU" ("ID","CREATED_BY","CREATED_DATE","MODIFIED_BY","MODIFIED_DATE","FLAG","CONTROLLER_CLASS","ICON_PATH","MENU_DESC","MENU_INDEX","MENU_NAME","MENU_URL","REMARK","MARK","SMALL_ICON_PATH","AUTHORITY_ID","MENU_CLASSIFY","PARENT_ID") VALUES (
'b56cc0c761504142b0cca3f0eb3b43a4',NULL,'2019-08-21 15:45:46',NULL,'2019-08-21 15:45:46',1,NULL,NULL,NULL,1,'学生管理-按钮所有权限',NULL,NULL,NULL,NULL,'student/*','button','ce1c23d861364795a5b455c1b2f6d6cc');
INSERT INTO "PUBLIC"."MENU" ("ID","CREATED_BY","CREATED_DATE","MODIFIED_BY","MODIFIED_DATE","FLAG","CONTROLLER_CLASS","ICON_PATH","MENU_DESC","MENU_INDEX","MENU_NAME","MENU_URL","REMARK","MARK","SMALL_ICON_PATH","AUTHORITY_ID","MENU_CLASSIFY","PARENT_ID") VALUES (
'b837b164e8f1443b9a5dae27c8611a06',NULL,'2019-03-05 11:33:13',NULL,'2019-07-29 16:47:39',1,NULL,NULL,'log',6,'日志列表','diamond/views/system-management/logs/main',NULL,NULL,'logs',NULL,'menu','3a7fd63c81304f5c82a7681fd892fdd6');
INSERT INTO "PUBLIC"."MENU" ("ID","CREATED_BY","CREATED_DATE","MODIFIED_BY","MODIFIED_DATE","FLAG","CONTROLLER_CLASS","ICON_PATH","MENU_DESC","MENU_INDEX","MENU_NAME","MENU_URL","REMARK","MARK","SMALL_ICON_PATH","AUTHORITY_ID","MENU_CLASSIFY","PARENT_ID") VALUES (
'd2249f50a3235286b173663a6c45122d',NULL,'2019-03-05 11:33:13',NULL,'2019-07-29 16:47:44',1,NULL,NULL,'role',8,'角色管理','diamond/views/system-management/role/main',NULL,NULL,'user-role',NULL,'menu','8f13fa7aa1dd40e181568e870a6a2d03');
INSERT INTO "PUBLIC"."MENU" ("ID","CREATED_BY","CREATED_DATE","MODIFIED_BY","MODIFIED_DATE","FLAG","CONTROLLER_CLASS","ICON_PATH","MENU_DESC","MENU_INDEX","MENU_NAME","MENU_URL","REMARK","MARK","SMALL_ICON_PATH","AUTHORITY_ID","MENU_CLASSIFY","PARENT_ID") VALUES (
'8bdc5038a6585fd2b5d3ef7b1e4bf4e1',NULL,'2019-03-05 11:33:13',NULL,'2019-07-29 16:47:53',1,NULL,NULL,'user',14,'所有人员','diamond/views/system-management/user/main',NULL,NULL,'user',NULL,'menu','f33d83225bef590d81f61a5afcbbca14');
INSERT INTO "PUBLIC"."MENU" ("ID","CREATED_BY","CREATED_DATE","MODIFIED_BY","MODIFIED_DATE","FLAG","CONTROLLER_CLASS","ICON_PATH","MENU_DESC","MENU_INDEX","MENU_NAME","MENU_URL","REMARK","MARK","SMALL_ICON_PATH","AUTHORITY_ID","MENU_CLASSIFY","PARENT_ID") VALUES (
'3de22ff390ab5d06bafcce547ff780bb',NULL,'2019-03-05 11:33:13',NULL,'2019-07-29 16:47:51',1,NULL,NULL,'group',3,'用户组','diamond/views/system-management/group/main',NULL,NULL,'user-group',NULL,'menu','f33d83225bef590d81f61a5afcbbca14');
INSERT INTO "PUBLIC"."MENU" ("ID","CREATED_BY","CREATED_DATE","MODIFIED_BY","MODIFIED_DATE","FLAG","CONTROLLER_CLASS","ICON_PATH","MENU_DESC","MENU_INDEX","MENU_NAME","MENU_URL","REMARK","MARK","SMALL_ICON_PATH","AUTHORITY_ID","MENU_CLASSIFY","PARENT_ID") VALUES (
'323c76618c6b56109bd490baf0d00902',NULL,'2019-03-05 11:33:13',NULL,'2019-07-29 16:47:50',1,NULL,NULL,'dept',12,'所有部门','diamond/views/system-management/dept/main',NULL,NULL,'dept',NULL,'menu','7094928c2f4740c78ace4cd7bd3e733e');
INSERT INTO "PUBLIC"."MENU" ("ID","CREATED_BY","CREATED_DATE","MODIFIED_BY","MODIFIED_DATE","FLAG","CONTROLLER_CLASS","ICON_PATH","MENU_DESC","MENU_INDEX","MENU_NAME","MENU_URL","REMARK","MARK","SMALL_ICON_PATH","AUTHORITY_ID","MENU_CLASSIFY","PARENT_ID") VALUES (
'342d35053b4b4b92826b406c414ee1b8',NULL,'2019-08-21 15:46:15',NULL,'2019-08-21 15:46:15',1,NULL,NULL,NULL,1,'参数管理-按钮所有权限',NULL,NULL,NULL,NULL,'parameter/*','button','ce1c23d861364795a5b455c1b2f6d6dd');
INSERT INTO "PUBLIC"."MENU" ("ID","CREATED_BY","CREATED_DATE","MODIFIED_BY","MODIFIED_DATE","FLAG","CONTROLLER_CLASS","ICON_PATH","MENU_DESC","MENU_INDEX","MENU_NAME","MENU_URL","REMARK","MARK","SMALL_ICON_PATH","AUTHORITY_ID","MENU_CLASSIFY","PARENT_ID") VALUES (
'd97e9384995841789b25914542c74f77',NULL,'2019-08-21 15:23:24',NULL,'2019-08-21 15:23:24',1,NULL,NULL,NULL,1,'单级菜单-按钮全部权限',NULL,NULL,NULL,'setting','dictionary-single/*','button','22fc466264e65171a7631b2079a2b7f6');
INSERT INTO "PUBLIC"."MENU" ("ID","CREATED_BY","CREATED_DATE","MODIFIED_BY","MODIFIED_DATE","FLAG","CONTROLLER_CLASS","ICON_PATH","MENU_DESC","MENU_INDEX","MENU_NAME","MENU_URL","REMARK","MARK","SMALL_ICON_PATH","AUTHORITY_ID","MENU_CLASSIFY","PARENT_ID") VALUES (
'346c85e409b14e3f9517fbac7057476f',NULL,'2019-08-21 14:50:05',NULL,'2019-08-21 14:50:05',1,NULL,NULL,NULL,1,'多级字典-按钮全部权限',NULL,NULL,NULL,'setting','dictionary-multi/*','button','d9369152df124e1aae855f743d3eedc8');
INSERT INTO "PUBLIC"."MENU" ("ID","CREATED_BY","CREATED_DATE","MODIFIED_BY","MODIFIED_DATE","FLAG","CONTROLLER_CLASS","ICON_PATH","MENU_DESC","MENU_INDEX","MENU_NAME","MENU_URL","REMARK","MARK","SMALL_ICON_PATH","AUTHORITY_ID","MENU_CLASSIFY","PARENT_ID") VALUES (
'f57723e59a09451f9faaa3bc6b92ca88',NULL,'2019-08-15 13:20:35',NULL,'2019-08-15 13:20:35',1,NULL,NULL,NULL,1,'菜单-按钮所有权限',NULL,NULL,NULL,'setting','menu/*','button','6ecb9fd6e70f50b2be035485928b5cd6');
INSERT INTO "PUBLIC"."MENU" ("ID","CREATED_BY","CREATED_DATE","MODIFIED_BY","MODIFIED_DATE","FLAG","CONTROLLER_CLASS","ICON_PATH","MENU_DESC","MENU_INDEX","MENU_NAME","MENU_URL","REMARK","MARK","SMALL_ICON_PATH","AUTHORITY_ID","MENU_CLASSIFY","PARENT_ID") VALUES (
'1813c625de4e4295a46b4c29f1ed9510',NULL,'2019-08-21 15:24:29',NULL,'2019-08-21 15:24:29',1,NULL,NULL,NULL,1,'字典分类-按钮全部权限',NULL,NULL,NULL,NULL,'dictionary-type/*','button','d9fab44477ba5d2caf1aab1b95281713');

INSERT INTO "PUBLIC"."MENU" ("ID","CREATED_BY","CREATED_DATE","MODIFIED_BY","MODIFIED_DATE","FLAG","CONTROLLER_CLASS","ICON_PATH","MENU_DESC","MENU_INDEX","MENU_NAME","MENU_URL","REMARK","MARK","SMALL_ICON_PATH","AUTHORITY_ID","MENU_CLASSIFY","PARENT_ID") VALUES (
'68b62115036e4bcf8a666e207aef2e33',NULL,'2019-08-21 15:25:38',NULL,'2019-08-21 15:25:38',1,NULL,NULL,NULL,1,'日志列表-按钮全部权限',NULL,NULL,NULL,NULL,'log/*','button','b837b164e8f1443b9a5dae27c8611a06');
INSERT INTO "PUBLIC"."MENU" ("ID","CREATED_BY","CREATED_DATE","MODIFIED_BY","MODIFIED_DATE","FLAG","CONTROLLER_CLASS","ICON_PATH","MENU_DESC","MENU_INDEX","MENU_NAME","MENU_URL","REMARK","MARK","SMALL_ICON_PATH","AUTHORITY_ID","MENU_CLASSIFY","PARENT_ID") VALUES (
'f06def714b63426ba08b7685811e17a5',NULL,'2019-08-15 17:07:19',NULL,'2019-08-15 17:07:19',1,NULL,NULL,NULL,1,'角色-按钮全部权限',NULL,NULL,NULL,'setting','role/*','button','d2249f50a3235286b173663a6c45122d');
INSERT INTO "PUBLIC"."MENU" ("ID","CREATED_BY","CREATED_DATE","MODIFIED_BY","MODIFIED_DATE","FLAG","CONTROLLER_CLASS","ICON_PATH","MENU_DESC","MENU_INDEX","MENU_NAME","MENU_URL","REMARK","MARK","SMALL_ICON_PATH","AUTHORITY_ID","MENU_CLASSIFY","PARENT_ID") VALUES (
'37b5c4f257ce4bfdbcf7d31a89d9fa2e',NULL,'2019-08-21 15:44:50',NULL,'2019-08-22 14:42:42',1,NULL,NULL,NULL,1,'部门-按钮所有权限',NULL,'测试role-menu',NULL,NULL,'dept/*','button','323c76618c6b56109bd490baf0d00902');
INSERT INTO "PUBLIC"."MENU" ("ID","CREATED_BY","CREATED_DATE","MODIFIED_BY","MODIFIED_DATE","FLAG","CONTROLLER_CLASS","ICON_PATH","MENU_DESC","MENU_INDEX","MENU_NAME","MENU_URL","REMARK","MARK","SMALL_ICON_PATH","AUTHORITY_ID","MENU_CLASSIFY","PARENT_ID") VALUES (
'8eacf685bedb40519f5259209e4f6a8f',NULL,'2019-08-21 15:47:33',NULL,'2019-08-21 15:47:33',1,NULL,NULL,NULL,1,'用户-按钮所有权限',NULL,NULL,NULL,NULL,'user/*','button','8bdc5038a6585fd2b5d3ef7b1e4bf4e1');
INSERT INTO "PUBLIC"."MENU" ("ID","CREATED_BY","CREATED_DATE","MODIFIED_BY","MODIFIED_DATE","FLAG","CONTROLLER_CLASS","ICON_PATH","MENU_DESC","MENU_INDEX","MENU_NAME","MENU_URL","REMARK","MARK","SMALL_ICON_PATH","AUTHORITY_ID","MENU_CLASSIFY","PARENT_ID") VALUES (
'f69376890058460aa38f7581fa2f36da',NULL,'2019-08-21 15:47:03',NULL,'2019-08-21 15:47:03',1,NULL,NULL,NULL,1,'用户组-按钮所有权限',NULL,NULL,NULL,NULL,'group/*','button','3de22ff390ab5d06bafcce547ff780bb');







INSERT INTO "PUBLIC"."ROLE" ("ID","CREATED_BY","CREATED_DATE","MODIFIED_BY","MODIFIED_DATE","FLAG","ROLE_DESCRIPTION","ROLE_INDEX","ROLE_NAME","REMARK") VALUES (
'1f7ce0c8b80b472d95b9d346cf79e084',NULL,'2019-04-01 13:48:18',NULL,'2019-04-01 13:48:23',1,NULL,1,'部门AA管理员','部门AA管理员');
INSERT INTO "PUBLIC"."ROLE" ("ID","CREATED_BY","CREATED_DATE","MODIFIED_BY","MODIFIED_DATE","FLAG","ROLE_DESCRIPTION","ROLE_INDEX","ROLE_NAME","REMARK") VALUES (
'cc377e1b32e74e71953ddcd595d5498b',NULL,'2019-08-07 13:34:58',NULL,'2019-07-08 13:59:53',1,NULL,1,'ROLE_USER','1');
INSERT INTO "PUBLIC"."ROLE" ("ID","CREATED_BY","CREATED_DATE","MODIFIED_BY","MODIFIED_DATE","FLAG","ROLE_DESCRIPTION","ROLE_INDEX","ROLE_NAME","REMARK") VALUES (
'f6e765d8a30c41febc99641dbb72c6b5',NULL,'2019-06-26 17:15:08',NULL,'2019-08-07 13:35:00',0,NULL,1,'12222','1');
INSERT INTO "PUBLIC"."ROLE" ("ID","CREATED_BY","CREATED_DATE","MODIFIED_BY","MODIFIED_DATE","FLAG","ROLE_DESCRIPTION","ROLE_INDEX","ROLE_NAME","REMARK") VALUES (
'0a8fed60a7b26d2580de319b55711a0d',NULL,'2019-04-01 13:48:15',NULL,'2019-07-10 17:19:35',1,NULL,1,'部门BB管理员','部门BB管理员');
INSERT INTO "PUBLIC"."ROLE" ("ID","CREATED_BY","CREATED_DATE","MODIFIED_BY","MODIFIED_DATE","FLAG","ROLE_DESCRIPTION","ROLE_INDEX","ROLE_NAME","REMARK") VALUES (
'5b66ecf45d634159a08468898b1b3217',NULL,'2018-03-02 16:12:07',NULL,'2019-07-29 13:56:58',1,NULL,NULL,'ROLE_ADMIN',NULL);
INSERT INTO "PUBLIC"."ROLE" ("ID","CREATED_BY","CREATED_DATE","MODIFIED_BY","MODIFIED_DATE","FLAG","ROLE_DESCRIPTION","ROLE_INDEX","ROLE_NAME","REMARK") VALUES (
'd12c7601354e1b8bc9038ace68da428a',NULL,'2019-03-28 16:23:41',NULL,'2019-02-26 16:23:45',1,NULL,2,'role_test','role_test');


INSERT INTO "PUBLIC"."USER_GROUP" ("ID","CREATED_BY","CREATED_DATE","MODIFIED_BY","MODIFIED_DATE","FLAG","GROUP_INDEX","GROUP_NAME","REMARK","STATE") VALUES (
'04de3dd663fd47cf9deea06a5a476614',NULL,'2019-07-08 09:36:44',NULL,'2019-08-07 13:38:41',1,1,'用户组B','1','1');
INSERT INTO "PUBLIC"."USER_GROUP" ("ID","CREATED_BY","CREATED_DATE","MODIFIED_BY","MODIFIED_DATE","FLAG","GROUP_INDEX","GROUP_NAME","REMARK","STATE") VALUES (
'51c69dea8c347da5d268c44a5f6b4ae3',NULL,'2019-04-08 14:34:00',NULL,'2019-08-07 13:38:44',1,2,'测试用户组A','测试用户组A','1');
INSERT INTO "PUBLIC"."USER_GROUP" ("ID","CREATED_BY","CREATED_DATE","MODIFIED_BY","MODIFIED_DATE","FLAG","GROUP_INDEX","GROUP_NAME","REMARK","STATE") VALUES (
'2c8ce89eae1e83578e43cb802256df0e',NULL,'2019-04-12 10:35:38',NULL,'2019-04-12 10:35:38',1,1,'再次测试用户组','再次测试用户组','1');
INSERT INTO "PUBLIC"."USER_GROUP" ("ID","CREATED_BY","CREATED_DATE","MODIFIED_BY","MODIFIED_DATE","FLAG","GROUP_INDEX","GROUP_NAME","REMARK","STATE") VALUES (
'85b309b60f0f9e2394cfaefe2953054a',NULL,'2019-08-07 13:38:37',NULL,'2019-04-08 14:34:06',1,1,'测试用户组','测试用户组','1');


INSERT INTO "PUBLIC"."USER_INFO" ("ID","CREATED_BY","CREATED_DATE","MODIFIED_BY","MODIFIED_DATE","FLAG","USER_NAME","USER_INDEX","LOGIN_NAME","PASSWORD","EMAIL","PHONE_NUM","STATE","REMARK","NICKNAME","GENDER","ADDRESS","BLOG","TAG","AVATAR","AVATAR_CONTENT","ID_NUMBER","BIRTHDAY","INTEGRAL") VALUES (
'0fbd0015b8a36999d0fd61439b762167',NULL,'2019-04-01 15:04:26',NULL,'2019-05-27 16:35:16',1,'ceshipassword',2,'ceshipassword','$2a$10$ZmpTA.pB/VzJyPlyZ7lLX.N/dY.uG.mbEyX43/tGEq1eZ6x8OpCIC','ceshipassword@126.com',NULL,'1',NULL,'ceshipassword','1',NULL,NULL,NULL,NULL,NULL,NULL,NULL,0);
INSERT INTO "PUBLIC"."USER_INFO" ("ID","CREATED_BY","CREATED_DATE","MODIFIED_BY","MODIFIED_DATE","FLAG","USER_NAME","USER_INDEX","LOGIN_NAME","PASSWORD","EMAIL","PHONE_NUM","STATE","REMARK","NICKNAME","GENDER","ADDRESS","BLOG","TAG","AVATAR","AVATAR_CONTENT","ID_NUMBER","BIRTHDAY","INTEGRAL") VALUES (
'2a1fd93bb85475354bac67a8e38fb262',NULL,'2019-04-12 10:50:15',NULL,'2019-04-12 10:50:15',0,'登陆',4,'denglu','$2a$10$GQFGleF1.xRjmsmydxGNCuHCidJSXbhpxtuLSbhW/z6Z5zO.KPxDG','denglu@126.com','222','1','登陆备注','登陆昵称','0','333',NULL,'444',NULL,NULL,'111','2019-04-29T16:00:00.000Z',0);
INSERT INTO "PUBLIC"."USER_INFO" ("ID","CREATED_BY","CREATED_DATE","MODIFIED_BY","MODIFIED_DATE","FLAG","USER_NAME","USER_INDEX","LOGIN_NAME","PASSWORD","EMAIL","PHONE_NUM","STATE","REMARK","NICKNAME","GENDER","ADDRESS","BLOG","TAG","AVATAR","AVATAR_CONTENT","ID_NUMBER","BIRTHDAY","INTEGRAL") VALUES (
'5878351e1c422ba11984b01a0630d17a',NULL,'2019-04-12 10:50:46',NULL,'2019-04-12 10:50:46',0,'2',6,'denglu','$2a$10$AF3BO80tLjA.ucFSvHiY/e4mfQAoMnGCytJ/lJJ1yZDXhKW/oUf1G','denglu@126.com','2','1','1','2','0','3',NULL,'4',NULL,NULL,'1','2019-04-23T16:00:00.000Z',0);
INSERT INTO "PUBLIC"."USER_INFO" ("ID","CREATED_BY","CREATED_DATE","MODIFIED_BY","MODIFIED_DATE","FLAG","USER_NAME","USER_INDEX","LOGIN_NAME","PASSWORD","EMAIL","PHONE_NUM","STATE","REMARK","NICKNAME","GENDER","ADDRESS","BLOG","TAG","AVATAR","AVATAR_CONTENT","ID_NUMBER","BIRTHDAY","INTEGRAL") VALUES (
'6613831cac9e4597abbd0138116a8f3c',NULL,'2019-08-07 13:30:16',NULL,'2019-07-15 15:25:52',1,'管理员',1,'admin','$2a$10$puBHZpl2vUzGOVijjUssO.JQOijRVA6GqJDEgnCYCbROIzMMFQ.Ca','qiuzhanghua@gmail.com',NULL,'1',NULL,'nickname','0',NULL,NULL,NULL,'user_admin.jpg',NULL,NULL,'2012-06-15 14:45',NULL);
INSERT INTO "PUBLIC"."USER_INFO" ("ID","CREATED_BY","CREATED_DATE","MODIFIED_BY","MODIFIED_DATE","FLAG","USER_NAME","USER_INDEX","LOGIN_NAME","PASSWORD","EMAIL","PHONE_NUM","STATE","REMARK","NICKNAME","GENDER","ADDRESS","BLOG","TAG","AVATAR","AVATAR_CONTENT","ID_NUMBER","BIRTHDAY","INTEGRAL") VALUES (
'6cabaa5aa0d90d99883eb446f6aca027',NULL,'2019-04-01 14:53:48',NULL,'2019-07-05 15:58:44',1,'bumenAA',9,'bumenAA','$2a$10$ZmpTA.pB/VzJyPlyZ7lLX.N/dY.uG.mbEyX43/tGEq1eZ6x8OpCIC','bumenAA@126.com','54655465','1','bumenAA','bumenAA','1','bumenAAbumenAA',NULL,NULL,NULL,NULL,'3223123',NULL,0);
INSERT INTO "PUBLIC"."USER_INFO" ("ID","CREATED_BY","CREATED_DATE","MODIFIED_BY","MODIFIED_DATE","FLAG","USER_NAME","USER_INDEX","LOGIN_NAME","PASSWORD","EMAIL","PHONE_NUM","STATE","REMARK","NICKNAME","GENDER","ADDRESS","BLOG","TAG","AVATAR","AVATAR_CONTENT","ID_NUMBER","BIRTHDAY","INTEGRAL") VALUES (
'8004b9f46c314b828e0468b13a161e04',NULL,'2019-07-08 09:33:56',NULL,'2019-07-08 09:33:57',1,'dengluid',11,'dengluid','$2a$10$1pDrnMl8iBQIEHGO5tz2T.16qFMETO1lqWexoCME6r1fsE/wT.veK','dengluid@126.com',NULL,'1',NULL,'dengluid','1',NULL,NULL,NULL,NULL,NULL,NULL,NULL,NULL);
INSERT INTO "PUBLIC"."USER_INFO" ("ID","CREATED_BY","CREATED_DATE","MODIFIED_BY","MODIFIED_DATE","FLAG","USER_NAME","USER_INDEX","LOGIN_NAME","PASSWORD","EMAIL","PHONE_NUM","STATE","REMARK","NICKNAME","GENDER","ADDRESS","BLOG","TAG","AVATAR","AVATAR_CONTENT","ID_NUMBER","BIRTHDAY","INTEGRAL") VALUES (
'968497242455418e85cd2b45b624d349',NULL,'2019-07-16 11:14:56',NULL,'2019-08-05 14:42:28',1,'zhoujial',NULL,'zhoujial','$2a$10$Gtb4Din8xAWdK7ivpQ4ro.8qbk1eFBPOYiJUtT8oAbcZAGeeQQTqy','未知',NULL,'1',NULL,NULL,NULL,NULL,NULL,NULL,'/common/images/default-head.jpg',NULL,NULL,NULL,NULL);
INSERT INTO "PUBLIC"."USER_INFO" ("ID","CREATED_BY","CREATED_DATE","MODIFIED_BY","MODIFIED_DATE","FLAG","USER_NAME","USER_INDEX","LOGIN_NAME","PASSWORD","EMAIL","PHONE_NUM","STATE","REMARK","NICKNAME","GENDER","ADDRESS","BLOG","TAG","AVATAR","AVATAR_CONTENT","ID_NUMBER","BIRTHDAY","INTEGRAL") VALUES (
'd193aab903fcccedb34e1bbe40034584',NULL,'2019-08-07 13:30:18',NULL,'2019-08-07 13:30:20',1,'ceshiyonghu',14,'ceshiyonghu','123456','ceshiyonghu@126.com','12322233333','1',NULL,'ceshiyonghu','1',NULL,NULL,NULL,NULL,NULL,'13222223333',NULL,0);
INSERT INTO "PUBLIC"."USER_INFO" ("ID","CREATED_BY","CREATED_DATE","MODIFIED_BY","MODIFIED_DATE","FLAG","USER_NAME","USER_INDEX","LOGIN_NAME","PASSWORD","EMAIL","PHONE_NUM","STATE","REMARK","NICKNAME","GENDER","ADDRESS","BLOG","TAG","AVATAR","AVATAR_CONTENT","ID_NUMBER","BIRTHDAY","INTEGRAL") VALUES (
'fb982f3f7d63d1c340c56e539eb7817d',NULL,'2019-04-12 11:28:25',NULL,'2019-04-12 11:28:25',1,'ceshi',16,'ceshi1','$2a$10$EKY1f9ic0mTQVTFwb4xZN.CTFyAQOmjYtJB5IN9uNjghGBkR.6jYC','ceshi@126.com',NULL,'1',NULL,'ceshi','1',NULL,NULL,NULL,NULL,NULL,NULL,NULL,0);
INSERT INTO "PUBLIC"."USER_INFO" ("ID","CREATED_BY","CREATED_DATE","MODIFIED_BY","MODIFIED_DATE","FLAG","USER_NAME","USER_INDEX","LOGIN_NAME","PASSWORD","EMAIL","PHONE_NUM","STATE","REMARK","NICKNAME","GENDER","ADDRESS","BLOG","TAG","AVATAR","AVATAR_CONTENT","ID_NUMBER","BIRTHDAY","INTEGRAL") VALUES (
'26cf758ad1861d69fdbf361097db32fb',NULL,'2019-04-01 14:53:35',NULL,'2019-05-27 16:30:30',1,'bumenBB',3,'bumenBB','$2a$10$ZmpTA.pB/VzJyPlyZ7lLX.N/dY.uG.mbEyX43/tGEq1eZ6x8OpCIC','bumenBB@126.com','77777','1','bumenBB','bumenBB','0','bumenBBbumenBB',NULL,'bumenBB',NULL,NULL,'0000',NULL,0);
INSERT INTO "PUBLIC"."USER_INFO" ("ID","CREATED_BY","CREATED_DATE","MODIFIED_BY","MODIFIED_DATE","FLAG","USER_NAME","USER_INDEX","LOGIN_NAME","PASSWORD","EMAIL","PHONE_NUM","STATE","REMARK","NICKNAME","GENDER","ADDRESS","BLOG","TAG","AVATAR","AVATAR_CONTENT","ID_NUMBER","BIRTHDAY","INTEGRAL") VALUES (
'4861fe8581347a259e4faa13a8ef550e',NULL,'2019-04-08 14:32:39',NULL,'2019-04-08 14:32:39',1,'测试A部门姓名',5,'ceshiAbumen','$2a$10$XaRkwngsK.erajhSIkEuLuCraJi6sWWGogxHrKmVLvBVfLDKllEYq','ceshiAbumen@126.com','123','1','ceshiAbumen备注','测试A部门的昵称','0','测试A部门住址',NULL,'测试A部门标签',NULL,NULL,'132','2019-04-23T16:00:00.000Z',0);
INSERT INTO "PUBLIC"."USER_INFO" ("ID","CREATED_BY","CREATED_DATE","MODIFIED_BY","MODIFIED_DATE","FLAG","USER_NAME","USER_INDEX","LOGIN_NAME","PASSWORD","EMAIL","PHONE_NUM","STATE","REMARK","NICKNAME","GENDER","ADDRESS","BLOG","TAG","AVATAR","AVATAR_CONTENT","ID_NUMBER","BIRTHDAY","INTEGRAL") VALUES (
'63f0cae335e3af8c9728c54e9ea89bc2',NULL,'2019-04-12 10:53:42',NULL,'2019-04-12 10:53:42',0,'1',7,'denglu','$2a$10$Hm7/mUz99BgYkyJqJWTis.tD8uLJj3k/WLJtX735DrJ/uDoFJU7c6','1@126.com','2','1','5','1','0','3',NULL,'4',NULL,NULL,'1','2019-04-23T16:00:00.000Z',0);
INSERT INTO "PUBLIC"."USER_INFO" ("ID","CREATED_BY","CREATED_DATE","MODIFIED_BY","MODIFIED_DATE","FLAG","USER_NAME","USER_INDEX","LOGIN_NAME","PASSWORD","EMAIL","PHONE_NUM","STATE","REMARK","NICKNAME","GENDER","ADDRESS","BLOG","TAG","AVATAR","AVATAR_CONTENT","ID_NUMBER","BIRTHDAY","INTEGRAL") VALUES (
'677bf1c32ec146dca6bbc56b55e88449',NULL,'2019-02-14 14:35:57',NULL,'2019-02-14 14:35:57',0,'ceshi',8,'ceshi','f9c14ba4d63f224c02f317943105b0d4d7778628e51394b025994ed06d5c9863','ceshi@126.com',NULL,'1',NULL,'ceshi','1',NULL,NULL,NULL,NULL,NULL,NULL,NULL,NULL);
INSERT INTO "PUBLIC"."USER_INFO" ("ID","CREATED_BY","CREATED_DATE","MODIFIED_BY","MODIFIED_DATE","FLAG","USER_NAME","USER_INDEX","LOGIN_NAME","PASSWORD","EMAIL","PHONE_NUM","STATE","REMARK","NICKNAME","GENDER","ADDRESS","BLOG","TAG","AVATAR","AVATAR_CONTENT","ID_NUMBER","BIRTHDAY","INTEGRAL") VALUES (
'7802a9c89f09ce90e891640f33eb986f',NULL,'2019-04-08 09:38:41',NULL,'2019-07-08 13:51:59',1,'passwordtestname',10,'passwordtest','$2a$10$3ByBUM0caez1jsgTiDiKHOH9h4awWbtF0OrKHiOgzD7NuQugdcguC','passwordtest@126.com','123','1','passwordtest mark','passwordtestnickname','1','passwordtest',NULL,'passwordtest',NULL,NULL,'132','2019-04-24T16:00:00.000Z',0);
INSERT INTO "PUBLIC"."USER_INFO" ("ID","CREATED_BY","CREATED_DATE","MODIFIED_BY","MODIFIED_DATE","FLAG","USER_NAME","USER_INDEX","LOGIN_NAME","PASSWORD","EMAIL","PHONE_NUM","STATE","REMARK","NICKNAME","GENDER","ADDRESS","BLOG","TAG","AVATAR","AVATAR_CONTENT","ID_NUMBER","BIRTHDAY","INTEGRAL") VALUES (
'85307265d3e359ddbd8132f43c201a77',NULL,'2019-04-01 14:53:41',NULL,'2019-08-07 13:30:22',1,'ceshiname',12,'ceshi','$2a$10$/TBk/4ZD8FtU403DihNGCOPD0/Y52pv5Kz8HUvqUD9WNc1tcLgWy2','ceshi@126.com','4324324243','1',NULL,'ceshinick','0','擦擦擦',NULL,'擦擦擦',NULL,NULL,'432423',NULL,0);
INSERT INTO "PUBLIC"."USER_INFO" ("ID","CREATED_BY","CREATED_DATE","MODIFIED_BY","MODIFIED_DATE","FLAG","USER_NAME","USER_INDEX","LOGIN_NAME","PASSWORD","EMAIL","PHONE_NUM","STATE","REMARK","NICKNAME","GENDER","ADDRESS","BLOG","TAG","AVATAR","AVATAR_CONTENT","ID_NUMBER","BIRTHDAY","INTEGRAL") VALUES (
'c140ce9a725049d29373d5e4ce017623',NULL,'2019-04-01 15:08:27',NULL,'2019-05-27 16:31:45',1,'bumenCC',13,'bumenCC','$2a$10$qh3iTnOzR5Nmu2N5hhIwPOsgOn8gRaQx7pX3S1svzlo4B3FNw.5U6','bumenCC@126.com','333','1','bumenCC','bumenCC','1','bumenCC',NULL,NULL,NULL,NULL,'222',NULL,0);
INSERT INTO "PUBLIC"."USER_INFO" ("ID","CREATED_BY","CREATED_DATE","MODIFIED_BY","MODIFIED_DATE","FLAG","USER_NAME","USER_INDEX","LOGIN_NAME","PASSWORD","EMAIL","PHONE_NUM","STATE","REMARK","NICKNAME","GENDER","ADDRESS","BLOG","TAG","AVATAR","AVATAR_CONTENT","ID_NUMBER","BIRTHDAY","INTEGRAL") VALUES (
'ed1cd62d5a3b2b1cfb5f27e28e9a8579',NULL,'2019-04-12 10:56:25',NULL,'2019-04-12 10:56:26',1,'2',15,'denglu','$2a$10$rj6WyRGQSG1vxbb13RG/4eJFWg9KKMYV6jPEtg4d0aIezPbJAKvWS','2',NULL,'1',NULL,'2','1',NULL,NULL,NULL,NULL,NULL,NULL,NULL,0);


INSERT INTO "PUBLIC"."DEPT_USER" ("USER_ID","DEPT_ID") VALUES (
'26cf758ad1861d69fdbf361097db32fb','1c23af1c1f49e5812d4bdcdc410d3343');
INSERT INTO "PUBLIC"."DEPT_USER" ("USER_ID","DEPT_ID") VALUES (
'85307265d3e359ddbd8132f43c201a77','1c23af1c1f49e5812d4bdcdc410d3343');
INSERT INTO "PUBLIC"."DEPT_USER" ("USER_ID","DEPT_ID") VALUES (
'85307265d3e359ddbd8132f43c201a77','b49b81c6b1d4b1e1a10ef7c8d4da6799');
INSERT INTO "PUBLIC"."DEPT_USER" ("USER_ID","DEPT_ID") VALUES (
'c140ce9a725049d29373d5e4ce017623','1c23af1c1f49e5812d4bdcdc410d3343');
INSERT INTO "PUBLIC"."DEPT_USER" ("USER_ID","DEPT_ID") VALUES (
'0fbd0015b8a36999d0fd61439b762167','1c23af1c1f49e5812d4bdcdc410d3343');
INSERT INTO "PUBLIC"."DEPT_USER" ("USER_ID","DEPT_ID") VALUES (
'8004b9f46c314b828e0468b13a161e04','1c23af1c1f49e5812d4bdcdc410d3343');
INSERT INTO "PUBLIC"."DEPT_USER" ("USER_ID","DEPT_ID") VALUES (
'85307265d3e359ddbd8132f43c201a77','227b237a8be04452abd223ed271f8189');
INSERT INTO "PUBLIC"."DEPT_USER" ("USER_ID","DEPT_ID") VALUES (
'85307265d3e359ddbd8132f43c201a77','cde254475a744d75ad3c24ba599f4890');
INSERT INTO "PUBLIC"."DEPT_USER" ("USER_ID","DEPT_ID") VALUES (
'c140ce9a725049d29373d5e4ce017623','227b237a8be04452abd223ed271f8189');


INSERT INTO "PUBLIC"."ROLE_MENU" ("MENU_ID","ROLE_ID") VALUES (
'1813c625de4e4295a46b4c29f1ed9510','5b66ecf45d634159a08468898b1b3217');
INSERT INTO "PUBLIC"."ROLE_MENU" ("MENU_ID","ROLE_ID") VALUES (
'22fc466264e65171a7631b2079a2b7f6','5b66ecf45d634159a08468898b1b3217');
INSERT INTO "PUBLIC"."ROLE_MENU" ("MENU_ID","ROLE_ID") VALUES (
'323c76618c6b56109bd490baf0d00902','5b66ecf45d634159a08468898b1b3217');
INSERT INTO "PUBLIC"."ROLE_MENU" ("MENU_ID","ROLE_ID") VALUES (
'342d35053b4b4b92826b406c414ee1b8','5b66ecf45d634159a08468898b1b3217');
INSERT INTO "PUBLIC"."ROLE_MENU" ("MENU_ID","ROLE_ID") VALUES (
'37b5c4f257ce4bfdbcf7d31a89d9fa2e','5b66ecf45d634159a08468898b1b3217');
INSERT INTO "PUBLIC"."ROLE_MENU" ("MENU_ID","ROLE_ID") VALUES (
'3a7fd63c81304f5c82a7681fd892fdd6','cc377e1b32e74e71953ddcd595d5498b');
INSERT INTO "PUBLIC"."ROLE_MENU" ("MENU_ID","ROLE_ID") VALUES (
'3de22ff390ab5d06bafcce547ff780bb','5b66ecf45d634159a08468898b1b3217');
INSERT INTO "PUBLIC"."ROLE_MENU" ("MENU_ID","ROLE_ID") VALUES (
'68b62115036e4bcf8a666e207aef2e33','5b66ecf45d634159a08468898b1b3217');
INSERT INTO "PUBLIC"."ROLE_MENU" ("MENU_ID","ROLE_ID") VALUES (
'6ecb9fd6e70f50b2be035485928b5cd6','5b66ecf45d634159a08468898b1b3217');
INSERT INTO "PUBLIC"."ROLE_MENU" ("MENU_ID","ROLE_ID") VALUES (
'7094928c2f4740c78ace4cd7bd3e733e','5b66ecf45d634159a08468898b1b3217');
INSERT INTO "PUBLIC"."ROLE_MENU" ("MENU_ID","ROLE_ID") VALUES (
'8bdc5038a6585fd2b5d3ef7b1e4bf4e1','0a8fed60a7b26d2580de319b55711a0d');
INSERT INTO "PUBLIC"."ROLE_MENU" ("MENU_ID","ROLE_ID") VALUES (
'8bdc5038a6585fd2b5d3ef7b1e4bf4e1','cc377e1b32e74e71953ddcd595d5498b');
INSERT INTO "PUBLIC"."ROLE_MENU" ("MENU_ID","ROLE_ID") VALUES (
'8f13fa7aa1dd40e181568e870a6a2d03','5b66ecf45d634159a08468898b1b3217');
INSERT INTO "PUBLIC"."ROLE_MENU" ("MENU_ID","ROLE_ID") VALUES (
'90a127ce319d5d93b3b49c697cfa138f','5b66ecf45d634159a08468898b1b3217');
INSERT INTO "PUBLIC"."ROLE_MENU" ("MENU_ID","ROLE_ID") VALUES (
'b56cc0c761504142b0cca3f0eb3b43a4','5b66ecf45d634159a08468898b1b3217');
INSERT INTO "PUBLIC"."ROLE_MENU" ("MENU_ID","ROLE_ID") VALUES (
'b837b164e8f1443b9a5dae27c8611a06','cc377e1b32e74e71953ddcd595d5498b');
INSERT INTO "PUBLIC"."ROLE_MENU" ("MENU_ID","ROLE_ID") VALUES (
'ce1c23d861364795a5b455c1b2f6d6cc','5b66ecf45d634159a08468898b1b3217');
INSERT INTO "PUBLIC"."ROLE_MENU" ("MENU_ID","ROLE_ID") VALUES (
'ce1c23d861364795a5b455c1b2f6d6dd','cc377e1b32e74e71953ddcd595d5498b');
INSERT INTO "PUBLIC"."ROLE_MENU" ("MENU_ID","ROLE_ID") VALUES (
'd2249f50a3235286b173663a6c45122d','cc377e1b32e74e71953ddcd595d5498b');
INSERT INTO "PUBLIC"."ROLE_MENU" ("MENU_ID","ROLE_ID") VALUES (
'd9369152df124e1aae855f743d3eedc8','5b66ecf45d634159a08468898b1b3217');
INSERT INTO "PUBLIC"."ROLE_MENU" ("MENU_ID","ROLE_ID") VALUES (
'd97e9384995841789b25914542c74f77','5b66ecf45d634159a08468898b1b3217');
INSERT INTO "PUBLIC"."ROLE_MENU" ("MENU_ID","ROLE_ID") VALUES (
'd9fab44477ba5d2caf1aab1b95281713','5b66ecf45d634159a08468898b1b3217');
INSERT INTO "PUBLIC"."ROLE_MENU" ("MENU_ID","ROLE_ID") VALUES (
'da4c2695c36a50eab041735842b530e7','0a8fed60a7b26d2580de319b55711a0d');
INSERT INTO "PUBLIC"."ROLE_MENU" ("MENU_ID","ROLE_ID") VALUES (
'da4c2695c36a50eab041735842b530e7','cc377e1b32e74e71953ddcd595d5498b');
INSERT INTO "PUBLIC"."ROLE_MENU" ("MENU_ID","ROLE_ID") VALUES (
'f33d83225bef590d81f61a5afcbbca14','0a8fed60a7b26d2580de319b55711a0d');
INSERT INTO "PUBLIC"."ROLE_MENU" ("MENU_ID","ROLE_ID") VALUES (
'f33d83225bef590d81f61a5afcbbca14','cc377e1b32e74e71953ddcd595d5498b');
INSERT INTO "PUBLIC"."ROLE_MENU" ("MENU_ID","ROLE_ID") VALUES (
'f69376890058460aa38f7581fa2f36da','5b66ecf45d634159a08468898b1b3217');
INSERT INTO "PUBLIC"."ROLE_MENU" ("MENU_ID","ROLE_ID") VALUES (
'22fc466264e65171a7631b2079a2b7f6','0a8fed60a7b26d2580de319b55711a0d');
INSERT INTO "PUBLIC"."ROLE_MENU" ("MENU_ID","ROLE_ID") VALUES (
'22fc466264e65171a7631b2079a2b7f6','cc377e1b32e74e71953ddcd595d5498b');
INSERT INTO "PUBLIC"."ROLE_MENU" ("MENU_ID","ROLE_ID") VALUES (
'323c76618c6b56109bd490baf0d00902','cc377e1b32e74e71953ddcd595d5498b');
INSERT INTO "PUBLIC"."ROLE_MENU" ("MENU_ID","ROLE_ID") VALUES (
'346c85e409b14e3f9517fbac7057476f','5b66ecf45d634159a08468898b1b3217');
INSERT INTO "PUBLIC"."ROLE_MENU" ("MENU_ID","ROLE_ID") VALUES (
'3a7fd63c81304f5c82a7681fd892fdd6','5b66ecf45d634159a08468898b1b3217');
INSERT INTO "PUBLIC"."ROLE_MENU" ("MENU_ID","ROLE_ID") VALUES (
'3de22ff390ab5d06bafcce547ff780bb','0a8fed60a7b26d2580de319b55711a0d');
INSERT INTO "PUBLIC"."ROLE_MENU" ("MENU_ID","ROLE_ID") VALUES (
'3de22ff390ab5d06bafcce547ff780bb','cc377e1b32e74e71953ddcd595d5498b');
INSERT INTO "PUBLIC"."ROLE_MENU" ("MENU_ID","ROLE_ID") VALUES (
'6ecb9fd6e70f50b2be035485928b5cd6','0a8fed60a7b26d2580de319b55711a0d');
INSERT INTO "PUBLIC"."ROLE_MENU" ("MENU_ID","ROLE_ID") VALUES (
'6ecb9fd6e70f50b2be035485928b5cd6','cc377e1b32e74e71953ddcd595d5498b');
INSERT INTO "PUBLIC"."ROLE_MENU" ("MENU_ID","ROLE_ID") VALUES (
'7094928c2f4740c78ace4cd7bd3e733e','cc377e1b32e74e71953ddcd595d5498b');
INSERT INTO "PUBLIC"."ROLE_MENU" ("MENU_ID","ROLE_ID") VALUES (
'8bdc5038a6585fd2b5d3ef7b1e4bf4e1','5b66ecf45d634159a08468898b1b3217');
INSERT INTO "PUBLIC"."ROLE_MENU" ("MENU_ID","ROLE_ID") VALUES (
'8eacf685bedb40519f5259209e4f6a8f','5b66ecf45d634159a08468898b1b3217');
INSERT INTO "PUBLIC"."ROLE_MENU" ("MENU_ID","ROLE_ID") VALUES (
'8f13fa7aa1dd40e181568e870a6a2d03','cc377e1b32e74e71953ddcd595d5498b');
INSERT INTO "PUBLIC"."ROLE_MENU" ("MENU_ID","ROLE_ID") VALUES (
'90a127ce319d5d93b3b49c697cfa138f','cc377e1b32e74e71953ddcd595d5498b');
INSERT INTO "PUBLIC"."ROLE_MENU" ("MENU_ID","ROLE_ID") VALUES (
'b837b164e8f1443b9a5dae27c8611a06','5b66ecf45d634159a08468898b1b3217');
INSERT INTO "PUBLIC"."ROLE_MENU" ("MENU_ID","ROLE_ID") VALUES (
'be87d0711de047efaffeef3c123b7f00','5b66ecf45d634159a08468898b1b3217');
INSERT INTO "PUBLIC"."ROLE_MENU" ("MENU_ID","ROLE_ID") VALUES (
'ce1c23d861364795a5b455c1b2f6d6dd','5b66ecf45d634159a08468898b1b3217');
INSERT INTO "PUBLIC"."ROLE_MENU" ("MENU_ID","ROLE_ID") VALUES (
'd2249f50a3235286b173663a6c45122d','5b66ecf45d634159a08468898b1b3217');
INSERT INTO "PUBLIC"."ROLE_MENU" ("MENU_ID","ROLE_ID") VALUES (
'd9369152df124e1aae855f743d3eedc8','0a8fed60a7b26d2580de319b55711a0d');
INSERT INTO "PUBLIC"."ROLE_MENU" ("MENU_ID","ROLE_ID") VALUES (
'd9369152df124e1aae855f743d3eedc8','cc377e1b32e74e71953ddcd595d5498b');
INSERT INTO "PUBLIC"."ROLE_MENU" ("MENU_ID","ROLE_ID") VALUES (
'd9fab44477ba5d2caf1aab1b95281713','0a8fed60a7b26d2580de319b55711a0d');
INSERT INTO "PUBLIC"."ROLE_MENU" ("MENU_ID","ROLE_ID") VALUES (
'd9fab44477ba5d2caf1aab1b95281713','cc377e1b32e74e71953ddcd595d5498b');
INSERT INTO "PUBLIC"."ROLE_MENU" ("MENU_ID","ROLE_ID") VALUES (
'da4c2695c36a50eab041735842b530e7','5b66ecf45d634159a08468898b1b3217');
INSERT INTO "PUBLIC"."ROLE_MENU" ("MENU_ID","ROLE_ID") VALUES (
'f06def714b63426ba08b7685811e17a5','5b66ecf45d634159a08468898b1b3217');
INSERT INTO "PUBLIC"."ROLE_MENU" ("MENU_ID","ROLE_ID") VALUES (
'f33d83225bef590d81f61a5afcbbca14','5b66ecf45d634159a08468898b1b3217');
INSERT INTO "PUBLIC"."ROLE_MENU" ("MENU_ID","ROLE_ID") VALUES (
'f57723e59a09451f9faaa3bc6b92ca88','5b66ecf45d634159a08468898b1b3217');


INSERT INTO "PUBLIC"."ROLE_USER" ("ROLE_ID","USER_ID") VALUES (
'0a8fed60a7b26d2580de319b55711a0d','8004b9f46c314b828e0468b13a161e04');
INSERT INTO "PUBLIC"."ROLE_USER" ("ROLE_ID","USER_ID") VALUES (
'cc377e1b32e74e71953ddcd595d5498b','26cf758ad1861d69fdbf361097db32fb');
INSERT INTO "PUBLIC"."ROLE_USER" ("ROLE_ID","USER_ID") VALUES (
'0a8fed60a7b26d2580de319b55711a0d','6cabaa5aa0d90d99883eb446f6aca027');
INSERT INTO "PUBLIC"."ROLE_USER" ("ROLE_ID","USER_ID") VALUES (
'5b66ecf45d634159a08468898b1b3217','6613831cac9e4597abbd0138116a8f3c');


INSERT INTO "PUBLIC"."USER_GROUP_USER" ("GROUP_ID","USER_ID") VALUES (
'2c8ce89eae1e83578e43cb802256df0e','7802a9c89f09ce90e891640f33eb986f');
INSERT INTO "PUBLIC"."USER_GROUP_USER" ("GROUP_ID","USER_ID") VALUES (
'51c69dea8c347da5d268c44a5f6b4ae3','8004b9f46c314b828e0468b13a161e04');
INSERT INTO "PUBLIC"."USER_GROUP_USER" ("GROUP_ID","USER_ID") VALUES (
'85b309b60f0f9e2394cfaefe2953054a','6cabaa5aa0d90d99883eb446f6aca027');
INSERT INTO "PUBLIC"."USER_GROUP_USER" ("GROUP_ID","USER_ID") VALUES (
'2c8ce89eae1e83578e43cb802256df0e','6613831cac9e4597abbd0138116a8f3c');
INSERT INTO "PUBLIC"."USER_GROUP_USER" ("GROUP_ID","USER_ID") VALUES (
'51c69dea8c347da5d268c44a5f6b4ae3','6cabaa5aa0d90d99883eb446f6aca027');
INSERT INTO "PUBLIC"."USER_GROUP_USER" ("GROUP_ID","USER_ID") VALUES (
'51c69dea8c347da5d268c44a5f6b4ae3','85307265d3e359ddbd8132f43c201a77');
