-- ----------------------------
-- Records of data_item_type
-- ----------------------------
INSERT INTO `data_item_type`(`id`, `created_by`, `created_date`, `flag`, `modified_by`, `modified_date`, `remark`, `type_name`) VALUES ('71352369576f4446a06d293c569bb1c2', 'admin', '2020-06-11 16:51:14.479000', 1, 'admin', '2020-06-11 16:51:14.479000', '中文', '中文');
INSERT INTO `data_item_type` (`id`, `created_by`, `created_date`, `flag`, `modified_by`, `modified_date`, `remark`, `type_name`) VALUES ('20ba4900385c4844891a8dae6bf0fd67', 'admin', '2020-07-14 17:20:34.349000', '1', NULL, NULL, '部门类型', '部门类型');
INSERT INTO `data_item_type` (`id`, `created_by`, `created_date`, `flag`, `modified_by`, `modified_date`, `remark`, `type_name`) VALUES ('af598e2e3d9245bb99d330e98bb4dade', 'admin', '2020-07-15 10:15:40.931000', '1', NULL, NULL, '性别', '性别');

-- ----------------------------
-- Records of data_item
-- ----------------------------
INSERT INTO `data_item`(`id`, `created_by`, `created_date`, `flag`, `modified_by`, `modified_date`, `remark`, `parent_id`, `code`, `code_index`, `name`, `state`, `data_item_type_id`, `order_index`, `path`) VALUES ('05407c6ded41400ebdccfa95681ef7da', 'admin', '2020-11-20 14:45:09.293000', 1, NULL, NULL, '3', 'c50aa804aa8000c9c474f930d794116e', '3', 3, '女', '1', '71352369576f4446a06d293c569bb1c2', NULL, 'c50aa804aa8000c9c474f930d794116e,13f9f080b780420996853822a6ed3193');
INSERT INTO `data_item`(`id`, `created_by`, `created_date`, `flag`, `modified_by`, `modified_date`, `remark`, `parent_id`, `code`, `code_index`, `name`, `state`, `data_item_type_id`, `order_index`, `path`) VALUES ('1ceb8cf86e584557a43001e8470fdfc6', 'admin', '2020-07-14 17:20:53.520000', 1, NULL, NULL, '', '', 'SBU', 1, 'SBU', '1', '20ba4900385c4844891a8dae6bf0fd67', NULL, '1ceb8cf86e584557a43001e8470fdfc6');
INSERT INTO `data_item`(`id`, `created_by`, `created_date`, `flag`, `modified_by`, `modified_date`, `remark`, `parent_id`, `code`, `code_index`, `name`, `state`, `data_item_type_id`, `order_index`, `path`) VALUES ('603f6a43e8004e598719a1f997ad5fab', 'admin', '2020-11-20 14:48:58.725000', 1, NULL, NULL, '1', 'c50aa804aa8000c9c474f930d794116e', 'baba', 1, '爸爸', '1', '20ba4900385c4844891a8dae6bf0fd67', NULL, 'c50aa804aa8000c9c474f930d794116e,603f6a43e8004e598719a1f997ad5fab');
INSERT INTO `data_item`(`id`, `created_by`, `created_date`, `flag`, `modified_by`, `modified_date`, `remark`, `parent_id`, `code`, `code_index`, `name`, `state`, `data_item_type_id`, `order_index`, `path`) VALUES ('6e178f1e52cc4f9e84d72a7b561db2e2', 'admin', '2020-11-20 14:44:59.332000', 1, NULL, NULL, '1', 'c50aa804aa8000c9c474f930d794116e', '1', 1, '男', '1', '71352369576f4446a06d293c569bb1c2', NULL, 'c50aa804aa8000c9c474f930d794116e,4e1ec37567034457a20341b6e705cc3a');
INSERT INTO `data_item`(`id`, `created_by`, `created_date`, `flag`, `modified_by`, `modified_date`, `remark`, `parent_id`, `code`, `code_index`, `name`, `state`, `data_item_type_id`, `order_index`, `path`) VALUES ('85fa13484148496fb74a3efd71b23c1b', 'admin', '2020-07-14 17:21:04.153000', 1, NULL, NULL, '', '', 'BU', 2, 'BU', '1', '20ba4900385c4844891a8dae6bf0fd67', NULL, '85fa13484148496fb74a3efd71b23c1b');
INSERT INTO `data_item`(`id`, `created_by`, `created_date`, `flag`, `modified_by`, `modified_date`, `remark`, `parent_id`, `code`, `code_index`, `name`, `state`, `data_item_type_id`, `order_index`, `path`) VALUES ('88bdd1c147bd42ea878df4bb0e475c71', 'admin', '2020-11-20 14:50:55.090000', 1, NULL, NULL, '4', 'f7d3c7e005194ff68ca20322ed245d59', 'ere', 4, '妈妈', '1', '20ba4900385c4844891a8dae6bf0fd67', NULL, 'b23f9f1d48704a13af90a45508c368e8,afe2800750af45e1bb72f445aa1480f0');
INSERT INTO `data_item`(`id`, `created_by`, `created_date`, `flag`, `modified_by`, `modified_date`, `remark`, `parent_id`, `code`, `code_index`, `name`, `state`, `data_item_type_id`, `order_index`, `path`) VALUES ('9c27fd6176314d5ea3de677285cedc0a', 'admin', '2020-11-20 14:51:17.028000', 0, 'admin', '2020-11-20 15:34:55.675000', '3', '', '1erf', 3, '老爷', '1', '20ba4900385c4844891a8dae6bf0fd67', NULL, 'fb3f5a4e43934bff9c19bb4a8459ba7b');
INSERT INTO `data_item`(`id`, `created_by`, `created_date`, `flag`, `modified_by`, `modified_date`, `remark`, `parent_id`, `code`, `code_index`, `name`, `state`, `data_item_type_id`, `order_index`, `path`) VALUES ('c35724f4ea4b4e41881eecc78c43fdbd', 'admin', '2020-11-20 14:50:30.355000', 1, NULL, NULL, '1', '603f6a43e8004e598719a1f997ad5fab', 'ert', 43, '女儿', '1', '20ba4900385c4844891a8dae6bf0fd67', NULL, 'c50aa804aa8000c9c474f930d794116e,603f6a43e8004e598719a1f997ad5fab,c35724f4ea4b4e41881eecc78c43fdbd');
INSERT INTO `data_item`(`id`, `created_by`, `created_date`, `flag`, `modified_by`, `modified_date`, `remark`, `parent_id`, `code`, `code_index`, `name`, `state`, `data_item_type_id`, `order_index`, `path`) VALUES ('c3f95ecd1bce4e51b7f3ed8f0becf830', 'admin', '2020-11-20 14:49:26.895000', 0, 'admin', '2020-11-20 15:34:38.220000', '1', '', 'er', 1, '儿子', '1', '20ba4900385c4844891a8dae6bf0fd67', NULL, 'be9830a0f67a4ec6809537f65ff6d9d2');
INSERT INTO `data_item`(`id`, `created_by`, `created_date`, `flag`, `modified_by`, `modified_date`, `remark`, `parent_id`, `code`, `code_index`, `name`, `state`, `data_item_type_id`, `order_index`, `path`) VALUES ('c50aa804aa8000c9c474f930d794116e', 'admin', '2019-04-04 10:28:37.000000', 1, NULL, NULL, '性别', '', '2', 2, '性别', '1', '71352369576f4446a06d293c569bb1c2', NULL, 'c50aa804aa8000c9c474f930d794116e');
INSERT INTO `data_item`(`id`, `created_by`, `created_date`, `flag`, `modified_by`, `modified_date`, `remark`, `parent_id`, `code`, `code_index`, `name`, `state`, `data_item_type_id`, `order_index`, `path`) VALUES ('f665f8741402484086f6e114d25fdd3c', 'admin', '2020-11-20 14:50:01.706000', 1, NULL, NULL, '2', '603f6a43e8004e598719a1f997ad5fab', 'qw', 2, '儿子', '1', '20ba4900385c4844891a8dae6bf0fd67', NULL, 'c50aa804aa8000c9c474f930d794116e,603f6a43e8004e598719a1f997ad5fab,f665f8741402484086f6e114d25fdd3c');
INSERT INTO `data_item`(`id`, `created_by`, `created_date`, `flag`, `modified_by`, `modified_date`, `remark`, `parent_id`, `code`, `code_index`, `name`, `state`, `data_item_type_id`, `order_index`, `path`) VALUES ('f7d3c7e005194ff68ca20322ed245d59', 'admin', '2020-11-20 14:48:42.239000', 1, NULL, NULL, '12', '', '12', 12, '爷爷', '1', '20ba4900385c4844891a8dae6bf0fd67', NULL, 'b23f9f1d48704a13af90a45508c368e8');

-- ----------------------------
-- Records of user_info
-- ----------------------------

INSERT INTO `user_info`(`id`, `created_by`, `created_date`, `flag`, `modified_by`, `modified_date`, `remark`, `address`, `avatar`, `avatar_content`, `birthday`, `blog`, `email`, `gender`, `id_number`, `integral`, `login_name`, `nickname`, `password`, `phone_num`, `state`, `tag`, `user_index`, `user_name`, `experience`, `balance`, `user_metadata`) VALUES ('6613831cac9e4597abbd0138116a8f3c', NULL, '2019-08-07 13:30:16.000000', 1, NULL, '2019-07-15 15:25:52.000000', '', '', 'user_admin.jpg', NULL, '2012-06-15 14:45', NULL, 'example@email.com', '0', '', NULL, 'admin', 'nickname', '$2a$10$puBHZpl2vUzGOVijjUssO.JQOijRVA6GqJDEgnCYCbROIzMMFQ.Ca', '', '1', '', 1, '管理员', NULL, NULL, NULL);

-- ----------------------------
-- Records of menu
-- ----------------------------
INSERT INTO `menu`(`id`, `created_by`, `created_date`, `flag`, `modified_by`, `modified_date`, `remark`, `parent_id`, `authority_id`, `controller_class`, `icon_path`, `mark`, `menu_classify`, `menu_desc`, `menu_index`, `menu_name`, `menu_url`, `small_icon_path`, `order_index`, `path`) VALUES ('323c76618c6b56109bd490baf0d00902', NULL, '2019-03-05 11:33:13.000000', 1, NULL, '2019-07-29 16:47:50.000000', NULL, '90a127ce319d5d93b3b49c697cfa138f', NULL, NULL, NULL, NULL, 'menu', 'dept', 4, '机构管理', 'diamond/views/system-management/dept/main', 'dept', NULL, '90a127ce319d5d93b3b49c697cfa138f,323c76618c6b56109bd490baf0d00902');
INSERT INTO `menu`(`id`, `created_by`, `created_date`, `flag`, `modified_by`, `modified_date`, `remark`, `parent_id`, `authority_id`, `controller_class`, `icon_path`, `mark`, `menu_classify`, `menu_desc`, `menu_index`, `menu_name`, `menu_url`, `small_icon_path`, `order_index`, `path`) VALUES ('346c85e409b14e3f9517fbac7057476f', NULL, '2019-08-21 14:50:05.000000', 1, NULL, '2019-08-21 14:50:05.000000', '', 'd9369152df124e1aae855f743d3eedc8', 'dictionary-multi/*', NULL, NULL, NULL, 'button', '', 1, '数据字典-按钮全部权限', NULL, 'setting', NULL, 'da4c2695c36a50eab041735842b530e7,d9369152df124e1aae855f743d3eedc8,346c85e409b14e3f9517fbac7057476f');
INSERT INTO `menu`(`id`, `created_by`, `created_date`, `flag`, `modified_by`, `modified_date`, `remark`, `parent_id`, `authority_id`, `controller_class`, `icon_path`, `mark`, `menu_classify`, `menu_desc`, `menu_index`, `menu_name`, `menu_url`, `small_icon_path`, `order_index`, `path`) VALUES ('37b5c4f257ce4bfdbcf7d31a89d9fa2e', NULL, '2019-08-21 15:44:50.000000', 1, NULL, '2019-08-22 14:42:42.000000', '测试role-menu', '323c76618c6b56109bd490baf0d00902', 'dept/*', NULL, NULL, NULL, 'button', '', 1, '部门-按钮所有权限', NULL, '', NULL, '90a127ce319d5d93b3b49c697cfa138f,323c76618c6b56109bd490baf0d00902,37b5c4f257ce4bfdbcf7d31a89d9fa2e');
INSERT INTO `menu`(`id`, `created_by`, `created_date`, `flag`, `modified_by`, `modified_date`, `remark`, `parent_id`, `authority_id`, `controller_class`, `icon_path`, `mark`, `menu_classify`, `menu_desc`, `menu_index`, `menu_name`, `menu_url`, `small_icon_path`, `order_index`, `path`) VALUES ('3de22ff390ab5d06bafcce547ff780bb', NULL, '2019-03-05 11:33:13.000000', 1, NULL, '2019-07-29 16:47:51.000000', NULL, '90a127ce319d5d93b3b49c697cfa138f', NULL, NULL, NULL, NULL, 'menu', 'group', 1, '用户组管理', 'diamond/views/system-management/group/main', 'user-group', NULL, '90a127ce319d5d93b3b49c697cfa138f,3de22ff390ab5d06bafcce547ff780bb');
INSERT INTO `menu`(`id`, `created_by`, `created_date`, `flag`, `modified_by`, `modified_date`, `remark`, `parent_id`, `authority_id`, `controller_class`, `icon_path`, `mark`, `menu_classify`, `menu_desc`, `menu_index`, `menu_name`, `menu_url`, `small_icon_path`, `order_index`, `path`) VALUES ('68b62115036e4bcf8a666e207aef2e33', NULL, '2019-08-21 15:25:38.000000', 1, NULL, '2019-08-21 15:25:38.000000', '', 'b837b164e8f1443b9a5dae27c8611a06', 'log/*', NULL, NULL, NULL, 'button', '', 1, '日志列表-按钮全部权限', NULL, '', NULL, '90a127ce319d5d93b3b49c697cfa138f,b837b164e8f1443b9a5dae27c8611a06,68b62115036e4bcf8a666e207aef2e33');
INSERT INTO `menu`(`id`, `created_by`, `created_date`, `flag`, `modified_by`, `modified_date`, `remark`, `parent_id`, `authority_id`, `controller_class`, `icon_path`, `mark`, `menu_classify`, `menu_desc`, `menu_index`, `menu_name`, `menu_url`, `small_icon_path`, `order_index`, `path`) VALUES ('6ecb9fd6e70f50b2be035485928b5cd6', NULL, '2019-03-05 11:33:13.000000', 1, NULL, '2019-07-29 16:47:40.000000', NULL, 'da4c2695c36a50eab041735842b530e7', NULL, NULL, NULL, NULL, 'menu', 'menu', 7, '菜单管理', 'diamond/views/system-management/menu/main', 'auth-menu', NULL, 'da4c2695c36a50eab041735842b530e7,6ecb9fd6e70f50b2be035485928b5cd6');
INSERT INTO `menu`(`id`, `created_by`, `created_date`, `flag`, `modified_by`, `modified_date`, `remark`, `parent_id`, `authority_id`, `controller_class`, `icon_path`, `mark`, `menu_classify`, `menu_desc`, `menu_index`, `menu_name`, `menu_url`, `small_icon_path`, `order_index`, `path`) VALUES ('8bdc5038a6585fd2b5d3ef7b1e4bf4e1', NULL, '2019-03-05 11:33:13.000000', 1, NULL, '2019-07-29 16:47:53.000000', NULL, '90a127ce319d5d93b3b49c697cfa138f', NULL, NULL, NULL, NULL, 'menu', 'user', 2, '用户管理', 'diamond/views/system-management/user/main', 'user', NULL, '90a127ce319d5d93b3b49c697cfa138f,8bdc5038a6585fd2b5d3ef7b1e4bf4e1');
INSERT INTO `menu`(`id`, `created_by`, `created_date`, `flag`, `modified_by`, `modified_date`, `remark`, `parent_id`, `authority_id`, `controller_class`, `icon_path`, `mark`, `menu_classify`, `menu_desc`, `menu_index`, `menu_name`, `menu_url`, `small_icon_path`, `order_index`, `path`) VALUES ('8eacf685bedb40519f5259209e4f6a8f', NULL, '2019-08-21 15:47:33.000000', 1, NULL, '2019-08-21 15:47:33.000000', '', '8bdc5038a6585fd2b5d3ef7b1e4bf4e1', 'user/*', NULL, NULL, NULL, 'button', '', 1, '用户-按钮所有权限', NULL, '', NULL, '90a127ce319d5d93b3b49c697cfa138f,8bdc5038a6585fd2b5d3ef7b1e4bf4e1,8eacf685bedb40519f5259209e4f6a8f');
INSERT INTO `menu`(`id`, `created_by`, `created_date`, `flag`, `modified_by`, `modified_date`, `remark`, `parent_id`, `authority_id`, `controller_class`, `icon_path`, `mark`, `menu_classify`, `menu_desc`, `menu_index`, `menu_name`, `menu_url`, `small_icon_path`, `order_index`, `path`) VALUES ('90a127ce319d5d93b3b49c697cfa138f', NULL, '2019-03-05 11:33:13.000000', 1, NULL, '2019-07-23 10:48:40.000000', NULL, NULL, NULL, NULL, NULL, NULL, 'menu', '/system', 1, '系统管理', 'Layout', 'setting', NULL, '90a127ce319d5d93b3b49c697cfa138f');
INSERT INTO `menu`(`id`, `created_by`, `created_date`, `flag`, `modified_by`, `modified_date`, `remark`, `parent_id`, `authority_id`, `controller_class`, `icon_path`, `mark`, `menu_classify`, `menu_desc`, `menu_index`, `menu_name`, `menu_url`, `small_icon_path`, `order_index`, `path`) VALUES ('b837b164e8f1443b9a5dae27c8611a06', NULL, '2019-03-05 11:33:13.000000', 1, NULL, '2019-07-29 16:47:39.000000', NULL, '90a127ce319d5d93b3b49c697cfa138f', NULL, NULL, NULL, NULL, 'menu', 'log', 5, '业务日志', 'diamond/views/system-management/logs/main', 'logs', NULL, '90a127ce319d5d93b3b49c697cfa138f,b837b164e8f1443b9a5dae27c8611a06');
INSERT INTO `menu`(`id`, `created_by`, `created_date`, `flag`, `modified_by`, `modified_date`, `remark`, `parent_id`, `authority_id`, `controller_class`, `icon_path`, `mark`, `menu_classify`, `menu_desc`, `menu_index`, `menu_name`, `menu_url`, `small_icon_path`, `order_index`, `path`) VALUES ('be87d0711de047efaffeef3c123b7f00', NULL, '2019-06-28 08:15:14.000000', 1, NULL, '2019-06-28 08:15:14.000000', '1', 'be87d0711de047efaffeef3c123b7f30', '1', NULL, NULL, NULL, 'menu', '/index', 0, 'Diamond', 'diamond/views/dashboard/index', 'index', NULL, 'be87d0711de047efaffeef3c123b7f30,be87d0711de047efaffeef3c123b7f00');
INSERT INTO `menu`(`id`, `created_by`, `created_date`, `flag`, `modified_by`, `modified_date`, `remark`, `parent_id`, `authority_id`, `controller_class`, `icon_path`, `mark`, `menu_classify`, `menu_desc`, `menu_index`, `menu_name`, `menu_url`, `small_icon_path`, `order_index`, `path`) VALUES ('be87d0711de047efaffeef3c123b7f30', '', '2019-06-28 08:15:14.000000', 1, '', '2019-06-28 08:15:14.000000', '1', NULL, '1', '', '', '', 'menu', '', 0, '', 'Layout', 'index', NULL, 'be87d0711de047efaffeef3c123b7f30');
INSERT INTO `menu`(`id`, `created_by`, `created_date`, `flag`, `modified_by`, `modified_date`, `remark`, `parent_id`, `authority_id`, `controller_class`, `icon_path`, `mark`, `menu_classify`, `menu_desc`, `menu_index`, `menu_name`, `menu_url`, `small_icon_path`, `order_index`, `path`) VALUES ('cb69ec0627bc40669534a85157027eeb', 'admin', '2020-05-13 17:30:39.000000', 1, NULL, NULL, '', 'da4c2695c36a50eab041735842b530e7', '', NULL, NULL, NULL, 'menu', 'data-item-type', 3, '数据字典类型', 'diamond/views/system-management/dictionary-type/main', 'setting', NULL, 'da4c2695c36a50eab041735842b530e7,cb69ec0627bc40669534a85157027eeb');
INSERT INTO `menu`(`id`, `created_by`, `created_date`, `flag`, `modified_by`, `modified_date`, `remark`, `parent_id`, `authority_id`, `controller_class`, `icon_path`, `mark`, `menu_classify`, `menu_desc`, `menu_index`, `menu_name`, `menu_url`, `small_icon_path`, `order_index`, `path`) VALUES ('d2249f50a3235286b173663a6c45122d', NULL, '2019-03-05 11:33:13.000000', 1, NULL, '2019-07-29 16:47:44.000000', NULL, '90a127ce319d5d93b3b49c697cfa138f', NULL, NULL, NULL, NULL, 'menu', 'role', 3, '角色管理', 'diamond/views/system-management/role/main', 'user-role', NULL, '90a127ce319d5d93b3b49c697cfa138f,d2249f50a3235286b173663a6c45122d,f06def714b63426ba08b7685811e17a5');
INSERT INTO `menu`(`id`, `created_by`, `created_date`, `flag`, `modified_by`, `modified_date`, `remark`, `parent_id`, `authority_id`, `controller_class`, `icon_path`, `mark`, `menu_classify`, `menu_desc`, `menu_index`, `menu_name`, `menu_url`, `small_icon_path`, `order_index`, `path`) VALUES ('d9369152df124e1aae855f743d3eedc8', NULL, '2019-03-05 11:33:13.000000', 1, NULL, '2019-07-29 16:47:44.000000', NULL, 'da4c2695c36a50eab041735842b530e7', NULL, NULL, NULL, NULL, 'menu', 'dictionary-multi', 9, '数据字典', 'diamond/views/system-management/dictionary/multiMain', 'dictionary-multi', NULL, 'da4c2695c36a50eab041735842b530e7,d9369152df124e1aae855f743d3eedc8');
INSERT INTO `menu`(`id`, `created_by`, `created_date`, `flag`, `modified_by`, `modified_date`, `remark`, `parent_id`, `authority_id`, `controller_class`, `icon_path`, `mark`, `menu_classify`, `menu_desc`, `menu_index`, `menu_name`, `menu_url`, `small_icon_path`, `order_index`, `path`) VALUES ('d97e9384995841789b25914542c74f77', NULL, '2019-08-21 15:23:24.000000', 1, NULL, '2019-08-21 15:23:24.000000', '', '22fc466264e65171a7631b2079a2b7f6', 'dictionary-single/*', NULL, NULL, NULL, 'button', '', 1, '单级菜单-按钮全部权限', NULL, 'setting', NULL, 'd97e9384995841789b25914542c74f77');
INSERT INTO `menu`(`id`, `created_by`, `created_date`, `flag`, `modified_by`, `modified_date`, `remark`, `parent_id`, `authority_id`, `controller_class`, `icon_path`, `mark`, `menu_classify`, `menu_desc`, `menu_index`, `menu_name`, `menu_url`, `small_icon_path`, `order_index`, `path`) VALUES ('da4c2695c36a50eab041735842b530e7', NULL, '2019-03-05 11:33:13.000000', 1, NULL, '2019-07-30 10:02:19.000000', NULL, NULL, NULL, NULL, NULL, NULL, 'menu', '/dictionary-setting', 2, '资源管理', 'Layout', 'dictionary-setting', NULL, 'da4c2695c36a50eab041735842b530e7');
INSERT INTO `menu`(`id`, `created_by`, `created_date`, `flag`, `modified_by`, `modified_date`, `remark`, `parent_id`, `authority_id`, `controller_class`, `icon_path`, `mark`, `menu_classify`, `menu_desc`, `menu_index`, `menu_name`, `menu_url`, `small_icon_path`, `order_index`, `path`) VALUES ('f06def714b63426ba08b7685811e17a5', NULL, '2019-08-15 17:07:19.000000', 1, NULL, '2019-08-15 17:07:19.000000', '', 'd2249f50a3235286b173663a6c45122d', 'role/*', NULL, NULL, NULL, 'button', '', 1, '角色-按钮全部权限', NULL, 'setting', NULL, '90a127ce319d5d93b3b49c697cfa138f,d2249f50a3235286b173663a6c45122d');
INSERT INTO `menu`(`id`, `created_by`, `created_date`, `flag`, `modified_by`, `modified_date`, `remark`, `parent_id`, `authority_id`, `controller_class`, `icon_path`, `mark`, `menu_classify`, `menu_desc`, `menu_index`, `menu_name`, `menu_url`, `small_icon_path`, `order_index`, `path`) VALUES ('f57723e59a09451f9faaa3bc6b92ca88', '', '2019-08-15 13:20:35.000000', 1, '', '2019-08-15 13:20:35.000000', '', '6ecb9fd6e70f50b2be035485928b5cd6', 'menu/*', '', '', '', 'button', '', 1, '菜单-按钮所有权限', '', 'setting', NULL, 'da4c2695c36a50eab041735842b530e7,6ecb9fd6e70f50b2be035485928b5cd6,f57723e59a09451f9faaa3bc6b92ca88');
INSERT INTO `menu`(`id`, `created_by`, `created_date`, `flag`, `modified_by`, `modified_date`, `remark`, `parent_id`, `authority_id`, `controller_class`, `icon_path`, `mark`, `menu_classify`, `menu_desc`, `menu_index`, `menu_name`, `menu_url`, `small_icon_path`, `order_index`, `path`) VALUES ('f69376890058460aa38f7581fa2f36da', NULL, '2019-08-21 15:47:03.000000', 1, NULL, '2019-08-21 15:47:03.000000', '', '3de22ff390ab5d06bafcce547ff780bb', 'group/*', NULL, NULL, NULL, 'button', '', 1, '用户组-按钮所有权限', NULL, '', NULL, '90a127ce319d5d93b3b49c697cfa138f,3de22ff390ab5d06bafcce547ff780bb,f69376890058460aa38f7581fa2f36da');

-- ----------------------------
-- Records of role
-- ----------------------------
INSERT INTO `role` (`id`, `created_by`, `created_date`, `flag`, `modified_by`, `modified_date`, `remark`, `role_description`, `role_index`, `role_name`) VALUES ('5b66ecf45d634159a08468898b1b3217', NULL, '2018-3-2 16:12:07', 1, NULL, '2019-7-29 13:56:58', NULL, NULL, NULL, 'ROLE_ADMIN');
INSERT INTO `role` (`id`, `created_by`, `created_date`, `flag`, `modified_by`, `modified_date`, `remark`, `role_description`, `role_index`, `role_name`) VALUES ('cc377e1b32e74e71953ddcd595d5498b', NULL, '2019-8-7 13:34:58', 1, NULL, '2019-7-8 13:59:53', '1', NULL, 1, 'ROLE_USER');

-- ----------------------------
-- Records of dept_info
-- ----------------------------

INSERT INTO `dept_info`(`id`, `created_by`, `created_date`, `flag`, `modified_by`, `modified_date`, `remark`, `parent_id`, `dept_desc`, `dept_index`, `dept_name`, `dept_state`, `dept_type`, `dept_url`, `order_index`, `path`) VALUES ('227b237a8be04452abd223ed271f8189', NULL, '2018-04-26 13:20:13.000000', 1, NULL, '2019-03-29 16:03:16.000000', 'TDC', NULL, NULL, 1, '公司', '1', 'TDC', 'TDC', NULL, '227b237a8be04452abd223ed271f8189');
INSERT INTO `dept_info`(`id`, `created_by`, `created_date`, `flag`, `modified_by`, `modified_date`, `remark`, `parent_id`, `dept_desc`, `dept_index`, `dept_name`, `dept_state`, `dept_type`, `dept_url`, `order_index`, `path`) VALUES ('cde254475a744d75ad3c24ba599f4890', NULL, '2019-03-18 17:27:01.000000', 1, NULL, '2018-12-29 13:46:18.000000', 'TDC', '227b237a8be04452abd223ed271f8189', NULL, 12, '部门', '1', 'TDC', NULL, NULL, '227b237a8be04452abd223ed271f8189,cde254475a744d75ad3c24ba599f4890');

-- ----------------------------
-- Records of user_group
-- ----------------------------
INSERT INTO `user_group` (`id`,`created_by`, `created_date`, `flag`, `modified_by`, `modified_date`, `group_index`, `group_name`, `remark`, `state`) VALUES ('04de3dd663fd47cf9deea06a5a476614', NULL, '2019-7-8 09:36:44', 1, NULL, '2019-8-7 13:38:41', 1, '用户组', '1', '1');

-- ----------------------------
-- Records of role_menu
-- ----------------------------
INSERT INTO `role_menu`(`id`, `menu_id`, `role_id`) VALUES ('5b66ecf45d634159a08468898b1b3217323c76618c6b56109bd490baf0d00902', '323c76618c6b56109bd490baf0d00902', '5b66ecf45d634159a08468898b1b3217');
INSERT INTO `role_menu`(`id`, `menu_id`, `role_id`) VALUES ('5b66ecf45d634159a08468898b1b3217346c85e409b14e3f9517fbac7057476f', '346c85e409b14e3f9517fbac7057476f', '5b66ecf45d634159a08468898b1b3217');
INSERT INTO `role_menu`(`id`, `menu_id`, `role_id`) VALUES ('5b66ecf45d634159a08468898b1b321737b5c4f257ce4bfdbcf7d31a89d9fa2e', '37b5c4f257ce4bfdbcf7d31a89d9fa2e', '5b66ecf45d634159a08468898b1b3217');
INSERT INTO `role_menu`(`id`, `menu_id`, `role_id`) VALUES ('5b66ecf45d634159a08468898b1b32173a7fd63c81304f5c82a7681fd892fdd6', '3a7fd63c81304f5c82a7681fd892fdd6', '5b66ecf45d634159a08468898b1b3217');
INSERT INTO `role_menu`(`id`, `menu_id`, `role_id`) VALUES ('5b66ecf45d634159a08468898b1b32173de22ff390ab5d06bafcce547ff780bb', '3de22ff390ab5d06bafcce547ff780bb', '5b66ecf45d634159a08468898b1b3217');
INSERT INTO `role_menu`(`id`, `menu_id`, `role_id`) VALUES ('5b66ecf45d634159a08468898b1b321768b62115036e4bcf8a666e207aef2e33', '68b62115036e4bcf8a666e207aef2e33', '5b66ecf45d634159a08468898b1b3217');
INSERT INTO `role_menu`(`id`, `menu_id`, `role_id`) VALUES ('5b66ecf45d634159a08468898b1b32176ecb9fd6e70f50b2be035485928b5cd6', '6ecb9fd6e70f50b2be035485928b5cd6', '5b66ecf45d634159a08468898b1b3217');
INSERT INTO `role_menu`(`id`, `menu_id`, `role_id`) VALUES ('5b66ecf45d634159a08468898b1b32177094928c2f4740c78ace4cd7bd3e733e', '7094928c2f4740c78ace4cd7bd3e733e', '5b66ecf45d634159a08468898b1b3217');
INSERT INTO `role_menu`(`id`, `menu_id`, `role_id`) VALUES ('5b66ecf45d634159a08468898b1b32178bdc5038a6585fd2b5d3ef7b1e4bf4e1', '8bdc5038a6585fd2b5d3ef7b1e4bf4e1', '5b66ecf45d634159a08468898b1b3217');
INSERT INTO `role_menu`(`id`, `menu_id`, `role_id`) VALUES ('5b66ecf45d634159a08468898b1b32178eacf685bedb40519f5259209e4f6a8f', '8eacf685bedb40519f5259209e4f6a8f', '5b66ecf45d634159a08468898b1b3217');
INSERT INTO `role_menu`(`id`, `menu_id`, `role_id`) VALUES ('5b66ecf45d634159a08468898b1b32178f13fa7aa1dd40e181568e870a6a2d03', '8f13fa7aa1dd40e181568e870a6a2d03', '5b66ecf45d634159a08468898b1b3217');
INSERT INTO `role_menu`(`id`, `menu_id`, `role_id`) VALUES ('5b66ecf45d634159a08468898b1b321790a127ce319d5d93b3b49c697cfa138f', '90a127ce319d5d93b3b49c697cfa138f', '5b66ecf45d634159a08468898b1b3217');
INSERT INTO `role_menu`(`id`, `menu_id`, `role_id`) VALUES ('5b66ecf45d634159a08468898b1b3217b837b164e8f1443b9a5dae27c8611a06', 'b837b164e8f1443b9a5dae27c8611a06', '5b66ecf45d634159a08468898b1b3217');
INSERT INTO `role_menu`(`id`, `menu_id`, `role_id`) VALUES ('5b66ecf45d634159a08468898b1b3217be87d0711de047efaffeef3c123b7f00', 'be87d0711de047efaffeef3c123b7f00', '5b66ecf45d634159a08468898b1b3217');
INSERT INTO `role_menu`(`id`, `menu_id`, `role_id`) VALUES ('5b66ecf45d634159a08468898b1b3217be87d0711de047efaffeef3c123b7f30', 'be87d0711de047efaffeef3c123b7f30', '5b66ecf45d634159a08468898b1b3217');
INSERT INTO `role_menu`(`id`, `menu_id`, `role_id`) VALUES ('5b66ecf45d634159a08468898b1b3217cb69ec0627bc40669534a85157027eeb', 'cb69ec0627bc40669534a85157027eeb', '5b66ecf45d634159a08468898b1b3217');
INSERT INTO `role_menu`(`id`, `menu_id`, `role_id`) VALUES ('5b66ecf45d634159a08468898b1b3217d2249f50a3235286b173663a6c45122d', 'd2249f50a3235286b173663a6c45122d', '5b66ecf45d634159a08468898b1b3217');
INSERT INTO `role_menu`(`id`, `menu_id`, `role_id`) VALUES ('5b66ecf45d634159a08468898b1b3217d9369152df124e1aae855f743d3eedc8', 'd9369152df124e1aae855f743d3eedc8', '5b66ecf45d634159a08468898b1b3217');
INSERT INTO `role_menu`(`id`, `menu_id`, `role_id`) VALUES ('5b66ecf45d634159a08468898b1b3217da4c2695c36a50eab041735842b530e7', 'da4c2695c36a50eab041735842b530e7', '5b66ecf45d634159a08468898b1b3217');
INSERT INTO `role_menu`(`id`, `menu_id`, `role_id`) VALUES ('5b66ecf45d634159a08468898b1b3217f06def714b63426ba08b7685811e17a5', 'f06def714b63426ba08b7685811e17a5', '5b66ecf45d634159a08468898b1b3217');
INSERT INTO `role_menu`(`id`, `menu_id`, `role_id`) VALUES ('5b66ecf45d634159a08468898b1b3217f33d83225bef590d81f61a5afcbbca14', 'f33d83225bef590d81f61a5afcbbca14', '5b66ecf45d634159a08468898b1b3217');
INSERT INTO `role_menu`(`id`, `menu_id`, `role_id`) VALUES ('5b66ecf45d634159a08468898b1b3217f57723e59a09451f9faaa3bc6b92ca88', 'f57723e59a09451f9faaa3bc6b92ca88', '5b66ecf45d634159a08468898b1b3217');
INSERT INTO `role_menu`(`id`, `menu_id`, `role_id`) VALUES ('5b66ecf45d634159a08468898b1b3217f69376890058460aa38f7581fa2f36da', 'f69376890058460aa38f7581fa2f36da', '5b66ecf45d634159a08468898b1b3217');

-- ----------------------------
-- Records of role_user
-- ----------------------------

INSERT INTO `role_user` (`role_id`,`user_id`,`id`) VALUES ('5b66ecf45d634159a08468898b1b3217', '6613831cac9e4597abbd0138116a8f3c', '5b66ecf45d634159a08468898b1b32176613831cac9e4597abbd0138116a8f3c');
-- ----------------------------
-- Records of dept_info
-- ----------------------------
INSERT INTO `dept_info`(`id`, `created_by`, `created_date`, `flag`, `modified_by`, `modified_date`, `remark`, `parent_id`, `dept_desc`, `dept_index`, `dept_name`, `dept_state`, `dept_type`, `dept_url`, `order_index`, `path`) VALUES ('227b237a8be04452abd223ed271f8189', NULL, '2018-04-26 13:20:13.000000', 1, NULL, '2019-03-29 16:03:16.000000', 'TDC', NULL, NULL, 1, '公司', '1', 'TDC', 'TDC', NULL, NULL);
INSERT INTO `dept_info`(`id`, `created_by`, `created_date`, `flag`, `modified_by`, `modified_date`, `remark`, `parent_id`, `dept_desc`, `dept_index`, `dept_name`, `dept_state`, `dept_type`, `dept_url`, `order_index`, `path`) VALUES ('cde254475a744d75ad3c24ba599f4890', NULL, '2019-03-18 17:27:01.000000', 1, NULL, '2018-12-29 13:46:18.000000', 'TDC', '227b237a8be04452abd223ed271f8189', NULL, 12, '部门', '1', 'TDC', NULL, NULL, NULL);
